Pergunta;Resposta
Bom dia!;Bom dia! Como posso ajudar você hoje?
Boa tarde!;Boa tarde! Estou à disposição para responder às suas perguntas.
Boa noite!;Boa noite! Em que posso ser útil?
Oi!;Olá! Como posso ser útil a você?
Olá, viajante!;Olá! Estou aqui para fornecer informações sobre as atrações turísticas do Brasil.
Tudo bem?;Estou apenas um programa de computador, mas estou aqui para ajudar você. Como você está?
Como você está?;Eu sou um assistente de IA, então não tenho sentimentos, mas estou pronto para ajudar com suas perguntas.
Qual é a previsão do tempo hoje?;A previsão do tempo pode variar dependendo da região do Brasil. Onde você gostaria de saber a previsão?
Você já visitou o Brasil?;Não, sou apenas um programa de computador. No entanto, posso fornecer informações sobre o Brasil.
Que tipo de informações você pode fornecer?;Posso fornecer informações sobre atrações turísticas, dicas de viagem, eventos culturais e muito mais no Brasil.
O que você gosta de fazer?;Minha principal função é ajudar com informações e responder a perguntas relacionadas a atrações turísticas brasileiras.
Qual é o seu hobby?;Não tenho hobbies, mas estou aqui para tornar sua pesquisa de viagem mais fácil.
O que você recomenda fazer no Brasil?;Recomendo visitar as belas praias, explorar a rica cultura e experimentar a culinária brasileira.
Você gosta de música brasileira?;Não tenho preferências musicais, mas a música brasileira é rica e diversificada, com estilos como samba, bossa nova e forró.
Como funciona um guia turístico virtual?;Um guia turístico virtual fornece informações e recomendações sobre destinos e atrações turísticas por meio de chatbots ou assistentes de IA.
Quais idiomas você fala?;Falo vários idiomas, incluindo português e inglês, para ajudar viajantes de diferentes origens.
Qual é a sua especialidade?;Minha especialidade é fornecer informações sobre atrações turísticas brasileiras e ajudar os viajantes a planejar suas viagens.
Você pode me dar dicas de viagem?;Claro, ficarei feliz em fornecer dicas de viagem. O que você gostaria de saber?
Quais são as melhores praias para surfar no Brasil?;Algumas das melhores praias para surfar no Brasil incluem a Praia de Itacaré, em Salvador, e a Praia da Joaquina, em Florianópolis.
Você já ajudou muitas pessoas a planejar viagens?;Sim, ajudei muitos viajantes a planejar suas viagens e explorar o Brasil virtualmente.
Como você se prepara para responder às perguntas?;Estou programado para acessar uma ampla base de conhecimento e utilizar algoritmos de linguagem natural para responder às perguntas da melhor maneira possível.
Como posso planejar uma viagem ao Brasil?;Planejar uma viagem ao Brasil envolve escolher destinos, reservar acomodações, organizar transporte e criar um itinerário. Estou aqui para ajudar em cada etapa!
Quais são os melhores destinos para lua de mel no Brasil?;O Brasil oferece destinos românticos para lua de mel, como Fernando de Noronha, Gramado, Búzios e Jericoacoara, com praias, paisagens deslumbrantes e acomodações luxuosas.
Quais são as principais atrações em São Paulo?;São Paulo tem uma cena cultural vibrante, com o MASP, o Parque Ibirapuera e o Museu da Língua Portuguesa. Não perca também a gastronomia diversificada e a vida noturna agitada.
Como é a culinária típica do nordeste do Brasil?;A culinária nordestina é deliciosa! Experimente a moqueca, o acarajé, o cuscuz, o bobó de camarão e a carne de sol com mandioca.
Quais são as melhores épocas para visitar o Brasil?;A melhor época para visitar o Brasil varia de acordo com a região. Geralmente, o período de dezembro a março é ótimo para praias, enquanto a temporada seca na Amazônia ocorre de junho a setembro.
Onde posso experimentar a música ao vivo no Brasil?;A música ao vivo é uma parte essencial da cultura brasileira. Visite bares e casas de show em cidades como Salvador, Rio de Janeiro e Recife para curtir a música local, como o samba e o forró.
Quais são os melhores destinos para mergulho no Brasil?;Os melhores locais de mergulho incluem Fernando de Noronha, Bonito, Abrolhos e a Ilha Grande. A vida marinha é rica e as águas são claras.
O que fazer em Curitiba, no Paraná?;Curitiba oferece atrações como o Jardim Botânico, o Museu Oscar Niemeyer e o Parque Tanguá. Explore também a culinária e os bairros charmosos da cidade.
Como é o turismo de aventura no Brasil?;O Brasil é um paraíso para o turismo de aventura. Experimente rafting, trilhas, rapel, escalada e até mesmo parapente em locais como o Parque Nacional do Itatiaia e o Jalapão.
Qual é a história por trás do Carnaval de Salvador?;O Carnaval de Salvador é famoso por seus trios elétricos e o bloco Olodum. É uma festa que celebra a cultura afro-brasileira e a diversidade do país.
Onde encontrar souvenires autênticos no Brasil?;Mercados de artesanato, como o Mercado Ver-o-Peso em Belém e o Mercado Municipal de São Paulo, são ótimos lugares para comprar souvenires autênticos.
Como é o transporte público em cidades brasileiras?;O transporte público varia de cidade para cidade. Muitas têm metrô, ônibus e táxis. Em algumas cidades menores, o transporte por aplicativo é comum.
O que visitar na cidade de Petrópolis, no Rio de Janeiro?;Petrópolis é conhecida por seu charme histórico, com o Museu Imperial, o Palácio de Cristal e a Cervejaria Bohemia como principais atrações.
Como é a vida noturna em Búzios?;Búzios tem uma vida noturna animada, com bares, restaurantes e festas à beira-mar. Rua das Pedras é o epicentro da diversão noturna.
Quais são as melhores praias para relaxar no Brasil?;Praias ideais para relaxar incluem a Praia do Espelho, em Trancoso, a Praia dos Carneiros, em Pernambuco, e a Praia da Pipa, no Rio Grande do Norte.
Onde encontrar experiências de ecoturismo no Brasil?;O Brasil oferece muitas experiências de ecoturismo. Explore a Floresta Amazônica, faça trilhas no Parque Nacional da Chapada dos Veadeiros e flutue nos rios cristalinos de Bonito.
Quais são as melhores atrações para famílias no Brasil?;Para famílias, sugiro o Beto Carrero World em Santa Catarina, o Beach Park no Ceará e o Parque Nacional da Chapada Diamantina na Bahia.
Como chegar às Cataratas do Iguaçu?;Você pode chegar às Cataratas do Iguaçu de avião até o Aeroporto de Foz do Iguaçu ou de ônibus a partir de cidades vizinhas. Há também opções de transporte local para o parque.
Onde encontrar festivais de música no Brasil?;O Brasil hospeda muitos festivais de música, como o Rock in Rio, o Festival de Jazz de Garanhuns e o Festival de Parintins.
Como é o turismo de praia no Brasil?;O turismo de praia é uma das maiores atrações do Brasil. Experimente as praias do Rio de Janeiro, as praias de Santa Catarina e as belas praias de Alagoas.
O que há para fazer no Rio de Janeiro?;No Rio de Janeiro, você pode visitar o Cristo Redentor, as praias de Copacabana e Ipanema, o Pão de Açúcar e explorar o centro histórico da cidade.
Quais são as principais atrações em Salvador, Bahia?;Em Salvador, você não pode perder o Pelourinho, o Farol da Barra, o Mercado Modelo e a culinária baiana, incluindo acarajé e moqueca.
O que fazer em Foz do Iguaçu?;Foz do Iguaçu é famosa pelas Cataratas do Iguaçu. Além disso, você pode visitar a Usina Hidrelétrica de Itaipu e a Itaipu Binacional.
Qual é a melhor época para visitar o Pantanal?;A melhor época para visitar o Pantanal é durante a estação seca, de junho a setembro, quando a fauna é mais visível e as estradas de acesso estão em melhores condições.
O que ver em Bonito, Mato Grosso do Sul?;Bonito é conhecido por suas águas cristalinas e atividades de ecoturismo. Você pode fazer passeios de flutuação nos rios, visitar as grutas e explorar a natureza exuberante.
Quais são as atrações imperdíveis em Ouro Preto, Minas Gerais?;Ouro Preto é famosa por sua arquitetura colonial e igrejas históricas. Não deixe de visitar a Igreja de São Francisco de Assis, a Casa dos Contos e a Mina da Passagem.
Quais são os melhores lugares para praticar surf no Brasil?;Para os amantes do surf, praias como a Praia do Rosa em Santa Catarina, a Praia de Itacaré na Bahia e a Praia de Jurerê Internacional em Florianópolis são ótimas opções.
Onde posso encontrar a melhor comida típica nordestina?;Para degustar a autêntica comida nordestina, recomendo experimentar o acarajé em Salvador, a carne de sol com queijo coalho em Natal e o baião de dois em Recife.
Quais atrações de natureza posso explorar na região Amazônica?;A Amazônia oferece uma rica biodiversidade. Você pode fazer passeios de barco pelo Rio Amazonas, visitar reservas naturais como Mamirauá e observar a vida selvagem, incluindo pássaros e jacarés.
Quais são as opções de esportes aquáticos em Búzios, Rio de Janeiro?;Búzios é um ótimo lugar para esportes aquáticos. Você pode fazer mergulho com snorkel, windsurfe, caiaque e até mesmo alugar um veleiro para explorar a costa.
O que há para fazer na região vinícola do Vale dos Vinhedos, no Rio Grande do Sul?;O Vale dos Vinhedos é famoso por suas vinícolas e produção de vinhos. Faça degustações em Vinícolas como a Miolo e a Casa Valduga e desfrute da bela paisagem das vinhas.
Quais são as atrações culturais em Olinda, Pernambuco?;Olinda é conhecida por sua arquitetura colonial e carnaval. Explore o centro histórico, visite o Mosteiro de São Bento e aproveite o animado carnaval de rua.
Qual é o melhor momento para ver o Carnaval do Rio de Janeiro?;O Carnaval do Rio de Janeiro é mais espetacular durante a semana de festividades, especialmente nos desfiles das escolas de samba no Sambódromo.
O que fazer em Florianópolis, além de ir à praia?;Além de suas belas praias, Florianópolis oferece trilhas, como a do Morro da Coroa, e a Lagoa da Conceição, ótima para esportes aquáticos.
Onde posso vivenciar a cultura indígena no Brasil?;Para conhecer a cultura indígena, visite aldeias como a Aldeia Pataxó em Porto Seguro, Bahia, onde você pode aprender sobre suas tradições.
Quais são as atrações imperdíveis em Curitiba, no Paraná?;Em Curitiba, não deixe de visitar o Jardim Botânico, o Museu Oscar Niemeyer e o Parque Tanguá, conhecido por suas pedreiras desativadas.
O que fazer em Bonito, à noite?;A noite em Bonito é tranquila, mas você pode desfrutar da gastronomia local e visitar o Balneário Municipal, que tem piscinas naturais iluminadas.
Quais são as atrações culturais em Belém, Pará?;Belém é rica em cultura. Explore o Mercado Ver-o-Peso, visite o Forte do Castelo e prove o açaí em uma das barracas locais.
Quais são as melhores praias do Nordeste brasileiro para relaxar?;Praias como Taíba no Ceará, Praia dos Carneiros em Pernambuco e Praia de Gunga em Alagoas são ótimas para relaxar e desfrutar do mar.
Onde posso fazer trilhas na Chapada dos Veadeiros, Goiás?;A Chapada dos Veadeiros é ideal para trilhas. Experimente a Trilha dos Saltos, a Trilha das Sete Quedas e a Trilha da Seriema.
Quais são as atrações em Fernando de Noronha, Pernambuco?;Fernando de Noronha é um paraíso para mergulhadores. Explore as praias, faça snorkel em Baía dos Porcos e visite o Morro do Pico.
Onde posso aprender sobre a história do Brasil em Salvador?;Visite o Museu de Arte Moderna da Bahia, o Museu da Cidade e o Museu Afro-Brasileiro para conhecer a história do Brasil.
O que fazer em Jericoacoara, Ceará?;Em Jericoacoara, você pode fazer passeios de buggy pelas dunas, aproveitar a Lagoa do Paraíso e assistir ao pôr do sol na famosa Pedra Furada.
Quais são as atrações em Ouro Preto durante a Semana Santa?;Durante a Semana Santa, assista às procissões, como a Procissão do Enterro, e participe de eventos religiosos na cidade histórica de Ouro Preto.
Onde posso encontrar artesanato típico em Manaus, Amazonas?;Explore o Mercado Adolpho Lisboa em Manaus para comprar artesanato indígena, produtos regionais e lembranças da região.
Quais são as melhores atrações em Gramado, Rio Grande do Sul, no inverno?;Em Gramado, no inverno, aproveite o Natal Luz, visite o Mini Mundo e prove os fondues nas charmosas casas da cidade.
Onde posso ver vida marinha em Fernando de Noronha?;Fernando de Noronha é ótimo para mergulho com snorkel e scuba. Explore as piscinas naturais e observe tartarugas, golfinhos e tubarões.
Quais são os melhores locais para observação de aves no Pantanal?;O Pantanal é um paraíso para observadores de aves. Visite a Reserva Ecológica do Taim e a Fazenda San Francisco para avistar diversas espécies.
O que fazer em São Paulo além de visitar museus?;Além dos museus, aproveite a gastronomia de São Paulo, faça compras na Avenida Paulista e explore o Parque Ibirapuera.
Quais são os eventos culturais em Paraty, Rio de Janeiro?;Paraty realiza a Flip (Festa Literária Internacional de Paraty) e festivais de música, além de eventos culturais em seu centro histórico.
Onde posso fazer passeios de barco no Pantanal?;Passeios de barco são populares no Pantanal. Explore a região do Rio Miranda e o Rio Paraguai para avistar animais e aves.
Quais são as melhores praias para surfe no litoral paulista?;O litoral paulista oferece praias para surfe, como Maresias, Juquehy e Ubatuba, onde você pode pegar boas ondas e praticar o esporte.
O que fazer em Natal, Rio Grande do Norte, durante o verão?;No verão em Natal, aproveite as praias de águas cristalinas, como Ponta Negra, e faça um passeio de buggy pelas dunas de Genipabu.
Quais são as melhores trilhas na Serra da Canastra, Minas Gerais?;Na Serra da Canastra, trilhas como a da Casca D'anta e a do Capão Forro são ótimas para explorar a beleza natural da região.
Onde posso experimentar a culinária típica gaúcha em Porto Alegre, Rio Grande do Sul?;Em Porto Alegre, experimente um autêntico churrasco gaúcho em churrascarias locais, como a Galpão Crioulo.
Quais são as atrações em Lençóis, Bahia, na Chapada Diamantina?;Lençóis é a base para explorar a Chapada Diamantina. Visite a Cachoeira da Fumaça, o Poço do Diabo e a Gruta da Lapa Doce.
O que fazer em Pirenópolis, Goiás, além das cachoeiras?;Além das cachoeiras, explore o centro histórico de Pirenópolis, visite o Museu das Cavalhadas e desfrute da culinária goiana.
Quais são as melhores praias para mergulho em Fernando de Noronha?;Para mergulho, as praias de Atalaia e Baía dos Porcos em Fernando de Noronha são incríveis, com recifes de coral e vida marinha diversificada.
O que fazer em Cuiabá, Mato Grosso, para conhecer a cultura local?;Em Cuiabá, visite o Mercado do Porto, experimente a culinária cuiabana, como o pacu assado, e conheça a história local no Museu Rondon.
Quais são os festivais de música populares em Recife, Pernambuco?;Recife é conhecida pelo Carnaval, pelo Festival de Inverno de Garanhuns e pelo Rec-Beat, que apresenta música contemporânea.
Onde posso encontrar arte de rua em São Paulo?;Em São Paulo, explore a região da Vila Madalena e Beco do Batman para ver murais e grafites de artistas locais.
Quais são os esportes aquáticos disponíveis em Ilhabela, São Paulo?;Ilhabela oferece vela, stand-up paddle, mergulho e kitesurf. A Praia do Curral é um ótimo local para praticar esportes aquáticos.
Quais são as atrações históricas em São João del Rei, Minas Gerais?;São João del Rei é famosa por sua arquitetura colonial. Visite a Igreja de São Francisco de Assis, o Museu Ferroviário e o Teatro Municipal.
O que fazer em Aracaju, Sergipe?;Aracaju oferece praias como a Atalaia, o Oceanário de Aracaju, o Centro de Arte e Cultura J. Inácio e a culinária sergipana.
Onde posso encontrar artesanato indígena em Manaus, Amazonas?;Visite o Centro de Artesanato Branco e Silva em Manaus para comprar artesanato indígena, como cestaria e objetos de madeira.
Quais são os melhores pontos para observação de aves na Ilha Grande, Rio de Janeiro?;Ilha Grande é ótima para observação de aves. Faça trilhas na Mata Atlântica e aviste aves como o tucano e o sabiá-laranjeira.
Onde posso aprender sobre a cultura quilombola no Brasil?;Visite comunidades quilombolas, como a Comunidade Quilombola Kalunga em Goiás, para aprender sobre sua cultura, tradições e história.
O que fazer em Parque Nacional da Serra dos Órgãos, Rio de Janeiro?;No Parque Nacional da Serra dos Órgãos, faça trilhas, como a Trilha da Pedra do Sino, e aprecie a natureza e as vistas panorâmicas.
Quais são as atrações culturais em Oeiras, Piauí?;Oeiras é uma cidade histórica. Visite o Museu de Arte Sacra, o Complexo Turístico Cultural de Oeiras e a Igreja de Nossa Senhora da Vitória.
Onde posso fazer passeios de caiaque em Bonito, Mato Grosso do Sul?;Em Bonito, faça passeios de caiaque nos rios Formoso e Aquidauana, onde você pode apreciar a vida selvagem e as águas cristalinas.
Quais são os eventos culturais em Belo Horizonte, Minas Gerais?;Belo Horizonte realiza o Festival Internacional de Teatro e Dança, o Inhotim - um museu a céu aberto - e diversos eventos culturais durante o ano.
Onde posso praticar escalada em rocha no Brasil?;Para a escalada em rocha, visite destinos como a Serra do Cipó em Minas Gerais, a Pedra do Baú em São Paulo e a Chapada Diamantina na Bahia.
Quais são as atrações históricas em Ouro Preto, Minas Gerais, relacionadas à Inconfidência Mineira?;Em Ouro Preto, você pode visitar o Museu da Inconfidência e a Casa de Tomás Antônio Gonzaga para aprender sobre a história da Inconfidência Mineira.
Onde posso fazer rapel na Chapada dos Veadeiros, Goiás?;A Chapada dos Veadeiros oferece oportunidades para o rapel em diversas cachoeiras, como a Cachoeira do Segredo e a Cachoeira dos Cristais.
Quais são as atrações de ecoturismo em Jalapão, Tocantins?;Jalapão é perfeito para ecoturismo. Faça trilhas, conheça as dunas do Jalapão e nade nas cachoeiras, como a Cachoeira da Velha.
O que fazer em São Miguel dos Milagres, Alagoas, para relaxar?;São Miguel dos Milagres é um refúgio tranquilo. Relaxe nas praias de águas claras, faça passeios de jangada e aproveite a paz do local.
Quais são as atrações culturais em São Luís, Maranhão?;São Luís tem um centro histórico preservado, com casarões coloniais. Visite o Centro Histórico de São Luís e conheça o Bumba-Meu-Boi.
Onde posso aprender sobre a cultura caiçara em Ubatuba, São Paulo?;Em Ubatuba, você pode visitar a Aldeia Renascer Caiçara para aprender sobre a cultura caiçara, sua história e costumes.
Quais são os melhores locais para observação de baleias na Bahia?;Para observação de baleias, vá a Morro de São Paulo, Praia do Forte e Abrolhos, onde você pode avistar baleias jubarte durante a temporada.
O que fazer em Trancoso, Bahia, para aproveitar a vida noturna?;A vida noturna de Trancoso é animada. Vá para a Quadrado, onde você encontrará bares, restaurantes e música ao vivo.
Quais são as opções de esportes aquáticos em Cabo Frio, Rio de Janeiro?;Cabo Frio é ideal para esportes aquáticos. Experimente o kitesurf, o windsurfe e o mergulho nas praias da região.
Onde posso ver tartarugas marinhas em Fernando de Noronha?;Para ver tartarugas marinhas, vá às praias da Atalaia e Sueste em Fernando de Noronha, onde elas frequentemente nadam próximas à costa.
Quais são as melhores trilhas na Serra do Cipó, Minas Gerais?;A Serra do Cipó oferece trilhas incríveis, como a Trilha do Véu da Noiva e a Travessia Lapinha da Serra - Serra do Cipó.
O que fazer em Piranhas, Alagoas, para aprender sobre a história do cangaço?;Visite o Museu do Cangaço em Piranhas para conhecer a história do cangaço e explore os locais relacionados a Lampião e Maria Bonita.
Onde posso encontrar arte urbana em Recife, Pernambuco?;Para apreciar a arte urbana, visite o Bairro do Recife Antigo e o Pátio de São Pedro, onde você encontrará murais e intervenções artísticas.
Quais são as atrações em Fernando de Noronha, além das praias?;Além das praias, explore os trilhas como a Trilha do Capim-Açu e a Trilha do Leão, e visite o Museu Tubarões e Raças.
Onde posso fazer escalada em pedra no Parque Nacional da Serra dos Órgãos, Rio de Janeiro?;No Parque Nacional da Serra dos Órgãos, a Pedra do Sino é um local popular para a escalada em rocha e oferece vistas espetaculares.
O que fazer em São Paulo para conhecer a cena artística contemporânea?;Visite o Museu de Arte Contemporânea (MAC) e a Galeria de Arte Almeida e Dale para apreciar obras de artistas contemporâneos em São Paulo.
Quais são as atrações históricas em São Cristóvão, Sergipe?;São Cristóvão é a cidade mais antiga de Sergipe. Visite o Centro Histórico de São Cristóvão e a Igreja e Convento de São Francisco.
Onde posso fazer passeios de canoa em Bonito, Mato Grosso do Sul?;Em Bonito, faça passeios de canoa pelos rios Formoso e Aquidauana, onde você pode desfrutar da natureza e da tranquilidade da água.
Quais são os eventos culturais em Belém, Pará?;Belém realiza o Círio de Nazaré, uma das maiores procissões religiosas do Brasil, e o Festival Ver-o-Peso da Cozinha Paraense, destacando a gastronomia local.
O que fazer em Porto de Galinhas, Pernambuco, além de relaxar na praia?;Além da praia, faça passeios de jangada nas piscinas naturais, visite o Projeto Hippocampus e explore o centro da vila.
O que fazer em Canoa Quebrada, Ceará, para apreciar o pôr do sol?;Para apreciar o pôr do sol em Canoa Quebrada, vá ao alto das falésias, onde você terá uma vista espetacular do sol se pondo no mar.
Quais são os melhores lugares para observação de aves na Amazônia?;A Amazônia é um paraíso para observadores de aves. Visite a Reserva Mamirauá e a Floresta Nacional de Tapajós para avistar diversas espécies.
O que fazer em São João del Rei, Minas Gerais, durante a Semana Santa?;Durante a Semana Santa em São João del Rei, assista às procissões, como a Procissão do Enterro, e participe das celebrações religiosas.
Quais são as atrações culturais em Manaus, Amazonas?;Manaus tem o Teatro Amazonas, o Museu do Seringal e o Encontro das Águas dos rios Negro e Solimões, além de sua rica cultura indígena.
Onde posso praticar stand-up paddle em Búzios, Rio de Janeiro?;Em Búzios, o stand-up paddle é popular. Experimente na Praia da Tartaruga e na Praia de Geribá para explorar a costa.
Quais são as melhores praias para surf em Santa Catarina?;Santa Catarina é um destino de surf. As praias de Garopaba, Praia Mole e Campeche são conhecidas por suas ondas.
O que fazer em Porto Seguro, Bahia, para aprender sobre a chegada dos portugueses ao Brasil?;Visite o Memorial da Epopeia do Descobrimento em Porto Seguro para conhecer a história da chegada dos portugueses ao Brasil.
Onde posso fazer passeios de lancha em Angra dos Reis, Rio de Janeiro?;Angra dos Reis é ótima para passeios de lancha. Explore as ilhas da região, como Ilha Grande, Ilha Botinas e Ilha Cataguás.
Quais são os eventos culturais em Salvador, Bahia, durante o São João?;Durante o São João em Salvador, há festas juninas, forró, quermesses e celebrações típicas nas ruas e nos bairros da cidade.
O que fazer em Diamantina, Minas Gerais, para aprender sobre a história do ciclo do ouro?;Diamantina tem o Museu do Diamante, o Mercado Velho e as igrejas históricas que contam a história do ciclo do ouro.
Quais são as atrações de ecoturismo em Brotas, São Paulo?;Brotas é conhecida pelo ecoturismo. Faça rafting no Rio Jacaré Pepira, trilhas na Serra de Brotas e passeios de quadriciclo.
Onde posso encontrar artesanato de barro em João Pessoa, Paraíba?;Visite o Mercado de Artesanato de Tambaú em João Pessoa para comprar artesanato de barro, incluindo cerâmica e esculturas locais.
Quais são as atrações históricas em Sabará, Minas Gerais?;Em Sabará, explore o Centro Histórico, visite a Igreja de Nossa Senhora do Ó e a Casa Borba Gato para conhecer sua história.
O que fazer em Natal, Rio Grande do Norte, para conhecer a cultura indígena potiguar?;Aprenda sobre a cultura indígena potiguar no Memorial da Cultura Indígena, que exibe artefatos, danças e tradições locais.
Onde posso ver tartarugas marinhas em Praia do Forte, Bahia?;Praia do Forte é famosa por seu projeto de conservação de tartarugas marinhas. Visite o Projeto Tamar e veja de perto essas incríveis criaturas.
Quais são as melhores praias para mergulho em Fernando de Noronha?;Para mergulho, as praias de Sancho, Leão e Sueste em Fernando de Noronha oferecem experiências incríveis de mergulho e snorkel.
O que fazer em Petrópolis, Rio de Janeiro, para conhecer a história do Brasil Imperial?;Visite o Museu Imperial de Petrópolis, o Palácio de Cristal e a Casa de Santos Dumont para conhecer a história do Brasil Imperial.
Onde posso fazer trilhas na Serra do Rio do Rastro, Santa Catarina?;A Serra do Rio do Rastro oferece trilhas incríveis. Explore a Trilha do Morro da Igreja e a Trilha do Rio do Boi.
Quais são as atrações culturais em Paraty, Rio de Janeiro, relacionadas à época colonial?;Paraty tem um centro histórico bem preservado. Visite a Casa da Cultura, a Igreja de Santa Rita e o Museu de Arte Sacra.
O que fazer em Bonito, Mato Grosso do Sul, para vivenciar a cultura local?;Participe de festas típicas, como a Festa de São João, experimente a culinária local e visite as lojas de artesanato em Bonito.
O que fazer em Canela, Rio Grande do Sul, durante o inverno?;Em Canela, no inverno, aproveite o Natal Luz, visite o Mundo a Vapor e a Cascata do Caracol e desfrute de deliciosos fondues.
Quais são as atrações culturais em São Paulo relacionadas à imigração japonesa?;Em São Paulo, visite o bairro da Liberdade, o Museu Histórico da Imigração Japonesa e participe do Festival Tanabata.
Onde posso fazer trilhas na Chapada dos Guimarães, Mato Grosso?;A Chapada dos Guimarães oferece diversas trilhas, como a Trilha das Cachoeiras, a Trilha do Vale do Rio Claro e a Trilha do Morro São Jerônimo.
Quais são as atrações históricas em Mariana, Minas Gerais?;Mariana é rica em história. Visite a Praça Minas Gerais, a Catedral da Sé e o Museu Arquidiocesano de Arte Sacra.
O que fazer em Vitória, Espírito Santo, para vivenciar a cultura capixaba?;Em Vitória, experimente a moqueca capixaba, visite o Convento da Penha, e explore o Mercado da Praia da Costa.
Onde posso fazer passeios de bicicleta em Bonito, Mato Grosso do Sul?;Em Bonito, faça passeios de bicicleta pela Estrada-Parque Pantanal do Rio Negro e pela Serra da Bodoquena para apreciar a natureza.
Quais são as melhores praias para mergulho em Arraial do Cabo, Rio de Janeiro?;Arraial do Cabo é conhecida por suas praias de águas claras. Mergulhe em praias como a Praia do Forno, a Praia dos Anjos e a Praia da Ilha do Farol.
O que fazer em Campina Grande, Paraíba, durante o Maior São João do Mundo?;Durante o Maior São João do Mundo em Campina Grande, aproveite os shows, as quadrilhas juninas e a culinária típica junina.
Quais são as atrações culturais em Penedo, Alagoas?;Penedo é uma cidade histórica. Visite o Museu Paço Imperial, a Igreja de São Gonçalo Garcia e o Cine-Theatro Sete de Setembro.
Onde posso encontrar artesanato em Morretes, Paraná?;Em Morretes, explore a feira de artesanato local e compre produtos como cerâmica, cestaria e lembranças regionais.
Quais são as melhores praias para kitesurf em Jericoacoara, Ceará?;Jericoacoara é um paraíso para o kitesurf. Pratique em praias como a Praia de Jericoacoara e a Lagoa do Paraíso.
O que fazer em Goiânia, Goiás, para conhecer a cena musical local?;Em Goiânia, explore os bares e casas de show da região, como o Bolshoi Pub, para apreciar a cena musical variada da cidade.
Onde posso aprender sobre a cultura afro-brasileira em São Luís, Maranhão?;São Luís tem um rico patrimônio afro-brasileiro. Visite o Centro de Cultura Popular Domingos Vieira Filho e participe de festas como o Bumba-Meu-Boi.
Quais são as atrações históricas em Porto Alegre, Rio Grande do Sul?;Em Porto Alegre, visite o Memorial do Rio Grande do Sul, o Museu de Comunicação Hipólito José da Costa e a Usina do Gasômetro.
O que fazer em Monte Verde, Minas Gerais, durante o inverno?;Em Monte Verde, desfrute do frio nas montanhas. Caminhe pela Rua do Aeroporto, faça trilhas e aproveite o clima aconchegante.
Onde posso fazer trilhas na Serra do Rio do Rastro, Santa Catarina?;Na Serra do Rio do Rastro, faça trilhas, como a Trilha do Morro da Igreja e a Trilha do Caminho das Graças, para apreciar as paisagens.
Quais são as atrações culturais em Recife, Pernambuco, durante o carnaval?;Recife é famosa pelo carnaval. Assista aos desfiles do Galo da Madrugada, participe de maracatus e frevos
Onde posso vivenciar a cultura indígena no Xingu, Mato Grosso?;Para vivenciar a cultura indígena no Xingu, participe de visitas às aldeias, conheça a arte e a culinária indígena e aprenda sobre suas tradições.
Quais são as atrações naturais na Chapada das Mesas, Maranhão?;A Chapada das Mesas é repleta de belezas naturais. Explore as cachoeiras, como a Cachoeira da Pedra Caída, e faça trilhas nas formações rochosas.
O que fazer em Petrolina, Pernambuco, para conhecer a produção de vinho?;Em Petrolina, visite vinícolas locais, como a Vinícola Rio Sol, para conhecer a produção de vinhos e degustar vinhos regionais.
Onde posso fazer passeios de canoagem em Bonito, Mato Grosso do Sul?;Em Bonito, desfrute de passeios de canoagem nos rios da região, como o Rio Formoso e o Rio da Prata, cercados pela natureza exuberante.
Quais são as melhores praias para a prática de surf em Florianópolis, Santa Catarina?;Florianópolis oferece praias incríveis para o surf. Experimente a Praia Mole, a Joaquina e a Campeche, conhecidas por suas ondas desafiadoras.
Onde posso fazer um safári na Amazônia, Brasil?;Você pode fazer um safári na Amazônia brasileira, explorando áreas remotas e reservas naturais como a Reserva Mamirauá e a Reserva de Desenvolvimento Sustentável do Uatumã.
Quais são as melhores praias para mergulho em Fernando de Noronha?;Para mergulho espetacular em Fernando de Noronha, visite as praias de Sancho, Leão e Sueste, onde você encontrará uma rica vida marinha.
O que fazer em Foz do Iguaçu, Paraná, além das Cataratas do Iguaçu?;Além das Cataratas do Iguaçu, explore o Parque das Aves, o Marco das Três Fronteiras e faça um passeio de barco até a Garganta do Diabo.
Quais são as trilhas mais desafiadoras em Itatiaia, Rio de Janeiro?;Em Itatiaia, encare trilhas desafiadoras, como a Travessia Ruy Braga, a Travessia Couto-Prateleiras e a Pedra do Altar.
Onde posso encontrar festas de Carnaval animadas em Salvador, Bahia?;Para um Carnaval animado em Salvador, aproveite os circuitos Barra-Ondina e Campo Grande, onde trios elétricos e blocos agitam as ruas.
Quais são as atrações culturais em São João del Rei, Minas Gerais?;São João del Rei oferece a Igreja de São Francisco de Assis, o Museu Regional e as charretes que percorrem o Centro Histórico.
O que fazer em Tiradentes, Minas Gerais, para vivenciar a cultura colonial?;Em Tiradentes, vivencie a cultura colonial ao explorar as igrejas históricas, a Maria Fumaça e as lojas de artesanato.
Onde posso praticar parasailing em Copacabana, Rio de Janeiro?;Em Copacabana, você pode praticar parasailing e desfrutar de vistas panorâmicas da praia e do Pão de Açúcar.
Quais são os melhores locais para observação de aves na região do Pantanal?;Na região do Pantanal, vá a locais de observação de aves como a Fazenda San Francisco e a Transpantaneira para avistar diversas espécies de aves.
O que fazer em Olinda, Pernambuco, para conhecer o patrimônio cultural?;Em Olinda, visite o Centro Histórico, participe do Carnaval e conheça o Mosteiro de São Bento e a Igreja da Sé.
Quais são as atrações culturais em Ouro Preto, Minas Gerais?;Ouro Preto tem a Casa dos Contos, o Museu da Inconfidência e diversas igrejas barrocas que representam a riqueza cultural da cidade.
Onde posso fazer passeios de quadriciclo em Jericoacoara, Ceará?;Em Jericoacoara, faça passeios de quadriciclo pelas dunas e praias da região, incluindo a famosa Pedra Furada.
Quais são as melhores praias para surfe em Santa Catarina?;Santa Catarina é conhecida por suas praias de surfe. Experimente a Praia da Joaquina, a Praia Mole e a Praia Brava para ondas desafiadoras.
O que fazer em Maragogi, Alagoas, para desfrutar das piscinas naturais?;Em Maragogi, faça passeios de catamarã até as Galés, as piscinas naturais da região, onde você pode mergulhar e ver a vida marinha.
Onde posso aprender sobre a cultura quilombola em Alcântara, Maranhão?;Em Alcântara, visite a Comunidade Quilombola de Itamatatiua para aprender sobre a cultura, tradições e história dos quilombolas locais.
Quais são as atrações históricas em Diamantina, Minas Gerais?;Diamantina oferece a Casa de Juscelino Kubitschek, a Casa da Glória e o Mercado Velho, que contam a história da cidade.
O que fazer em Porto Seguro, Bahia, para conhecer a história do Descobrimento do Brasil?;Visite o Museu do Descobrimento em Porto Seguro e explore o Centro Histórico para conhecer a história da chegada dos portugueses ao Brasil.
Onde posso fazer trilhas na Serra da Mantiqueira, São Paulo?;Na Serra da Mantiqueira, faça trilhas na Pedra do Baú, no Pico do Agudo e na Cachoeira dos Amores para desfrutar de vistas deslumbrantes.
Quais são as atrações culturais em Paraty, Rio de Janeiro?;Paraty tem o Centro Histórico bem preservado, a Festa Literária Internacional de Paraty (FLIP) e o Museu Forte Defensor Perpétuo.
O que fazer em Morretes, Paraná, para conhecer a história ferroviária?;Em Morretes, faça um passeio de trem pela Serra do Mar, conheça a Estação Ferroviária e explore o patrimônio histórico da cidade.
Onde posso encontrar artesanato de barro em João Pessoa, Paraíba?;Visite o Mercado de Artesanato de Tambaú em João Pessoa para comprar artesanato de barro, cerâmica e esculturas locais.
Quais são as melhores praias para kitesurf em Cumbuco, Ceará?;Cumbuco é ótimo para o kitesurf. Pratique na Praia do Cumbuco, onde o vento e as condições são ideais para o esporte.
O que fazer em Gramado, Rio Grande do Sul, durante o Natal?;Durante o Natal em Gramado, aproveite o Natal Luz, a Aldeia do Papai Noel e os espetáculos de luzes e música.
Onde posso fazer passeios de lancha em Angra dos Reis, Rio de Janeiro?;Angra dos Reis é ótima para passeios de lancha. Explore as ilhas da região, como Ilha Grande, Ilha Botinas e Ilha Cataguás.
Quais são as atrações culturais em São Cristóvão, Sergipe?;São Cristóvão é a cidade mais antiga de Sergipe. Visite o Conjunto Arquitetônico de São Francisco e a Igreja de São Francisco para conhecer sua história.
O que fazer em Palmas, Tocantins, para apreciar a natureza?;Em Palmas, visite o Parque Cesamar, o Parque dos Povos Indígenas e faça trilhas nas áreas de preservação para apreciar a natureza.
Onde posso fazer passeios de barco em Belém, Pará?;Em Belém, faça passeios de barco pelos rios da região, como o Rio Guamá e o Rio Amazonas, para explorar a cidade a partir da água.
Quais são as atrações históricas em São Luís, Maranhão?;São Luís oferece o Centro Histórico com suas azulejarias, o Museu Histórico e Artístico do Maranhão e a Casa de Nhozinho, que contam a história da cidade.
Onde posso fazer trilhas na Serra da Canastra, Minas Gerais?;Na Serra da Canastra, trilhe pelo Parque Nacional da Serra da Canastra e descubra suas cachoeiras, como a Casca D'Anta.
Quais são os melhores locais para avistamento de baleias em Santa Catarina?;Em Santa Catarina, vá a lugares como a Praia do Rosa e a Ilha de Santa Catarina para avistar baleias-francas.
O que fazer em Manaus, Amazonas, para aprender sobre a cultura indígena?;Aprenda sobre a cultura indígena em Manaus visitando o Museu do Índio, onde você encontrará exposições e artesanato indígena.
Onde posso fazer um passeio de jangada em Porto de Galinhas, Pernambuco?;Em Porto de Galinhas, faça um passeio de jangada nas piscinas naturais, onde você pode ver peixes coloridos e recifes de coral.
Quais são as trilhas mais populares na Chapada Diamantina, Bahia?;Explore a Chapada Diamantina fazendo trilhas populares como a Trilha do Vale do Pati, a Trilha da Cachoeira da Fumaça e a Trilha do Morro do Pai Inácio.
O que fazer em Bonito, Mato Grosso do Sul, para apreciar a fauna local?;Em Bonito, faça passeios de flutuação nos rios, onde você pode ver peixes como a piraputanga e a dourada, além de outros animais selvagens.
Onde posso experimentar a culinária típica do Pará em Belém, Pará?;Em Belém, experimente pratos típicos do Pará, como o tacacá, o açaí e o pato no tucupi, em restaurantes locais.
Quais são as melhores praias para a prática de stand-up paddle em Florianópolis, Santa Catarina?;Florianópolis oferece praias excelentes para stand-up paddle, como a Praia da Barra da Lagoa e a Lagoa da Conceição, onde você pode explorar as águas calmas.
O que fazer em Cuiabá, Mato Grosso, para conhecer a cultura pantaneira?;Visite o Museu Rondon e a Casa do Artesão para aprender sobre a cultura pantaneira e apreciar o artesanato local em Cuiabá.
Onde posso fazer trilhas de bicicleta na Chapada dos Veadeiros, Goiás?;Na Chapada dos Veadeiros, faça trilhas de bicicleta em áreas como o Vale da Lua e o Parque Nacional da Chapada dos Veadeiros.
Quais são as atrações culturais em Lençóis, Bahia?;Em Lençóis, explore o Museu Afrânio Peixoto, o casario colonial e participe de festas locais para vivenciar a cultura da região.
O que fazer em Pirenópolis, Goiás, durante a Festa do Divino?;Durante a Festa do Divino em Pirenópolis, participe dos folguedos, procissões e das tradicionais cavalhadas que celebram a festa.
Onde posso encontrar artesanato de cerâmica em Cunha, São Paulo?;Visite as lojas de cerâmica em Cunha, onde você encontrará peças artesanais feitas por ceramistas locais.
Quais são as melhores praias para mergulho em Búzios, Rio de Janeiro?;Búzios é ótima para o mergulho. Explore praias como a Praia de João Fernandes, a Praia de Azeda e a Praia da Tartaruga para descobrir a vida marinha.
O que fazer em São Luís, Maranhão, para conhecer a arquitetura colonial?;Em São Luís, explore o Centro Histórico com suas casas azulejadas e as igrejas barrocas que refletem a arquitetura colonial.
Onde posso fazer passeios de helicóptero em Balneário Camboriú, Santa Catarina?;Em Balneário Camboriú, desfrute de passeios de helicóptero para apreciar as vistas panorâmicas da cidade e da costa.
Quais são as atrações culturais em São Tomé das Letras, Minas Gerais?;São Tomé das Letras é conhecida por seu ambiente esotérico. Explore o centro da cidade e participe de festas e celebrações locais.
O que fazer em Goiânia, Goiás, para apreciar a música sertaneja?;Em Goiânia, vá a casas de show como o Villa Mix e o Atlanta Music Hall para apreciar a música sertaneja ao vivo.
Onde posso encontrar artesanato em Morro de São Paulo, Bahia?;Morro de São Paulo tem diversas lojas de artesanato onde você pode comprar lembranças locais, como bijuterias e objetos de decoração.
Onde posso fazer um safári na região do Pantanal?;Faça um safári na região do Pantanal, explorando a fauna e flora em áreas de conservação, como a Reserva Ecológica do Taiamã e a Fazenda San Francisco.
Quais são as melhores praias para surfe em Ubatuba, São Paulo?;Ubatuba é um ótimo destino para o surfe. Experimente as praias de Itamambuca, Félix e Vermelha do Norte para boas ondas.
O que fazer em São Paulo para conhecer a cena artística?;Em São Paulo, visite o Museu de Arte de São Paulo (MASP), o Museu de Arte Contemporânea (MAC) e explore o Beco do Batman, famoso por seus grafites.
Onde posso fazer passeios de caiaque em Paraty, Rio de Janeiro?;Em Paraty, faça passeios de caiaque pelos manguezais e praias, explorando a beleza natural da região.
Quais são as atrações culturais em Belo Horizonte, Minas Gerais?;Belo Horizonte tem o Conjunto Arquitetônico da Pampulha, o Museu de Artes e Ofícios e o Mercado Central, onde você pode conhecer a cultura local.
O que fazer em Natal, Rio Grande do Norte, para apreciar as dunas?;Explore as dunas de Natal fazendo um passeio de buggy nas praias de Genipabu e Jenipabu e deslizando nas dunas de Genipabu.
Onde posso fazer trilhas na Ilha do Mel, Paraná?;Na Ilha do Mel, faça trilhas pelo Parque Estadual da Ilha do Mel, como a Trilha do Farol e a Trilha do Encantadas, para apreciar a natureza.
Quais são as melhores praias para a prática de windsurfe em Jericoacoara, Ceará?;Jericoacoara é perfeita para o windsurfe. Experimente a Praia de Jericoacoara e a Lagoa de Jijoca para ventos ideais.
O que fazer em Recife, Pernambuco, para conhecer a história colonial?;Recife tem o bairro do Recife Antigo, com suas construções coloniais, o Museu do Estado de Pernambuco e o Marco Zero, onde você pode conhecer a história da cidade.
Onde posso encontrar artesanato em Gramado, Rio Grande do Sul?;Em Gramado, explore a Feira de Artesanato de Gramado e a Rua Coberta, onde você encontrará artesanato local e produtos típicos.
Quais são as melhores praias para a prática de kitesurf em Barra Grande, Bahia?;Barra Grande é conhecida pelo kitesurf. Experimente a Praia de Barra Grande e a Praia de Taipu de Fora para ventos excelentes.
O que fazer em Aracaju, Sergipe, para conhecer a cultura nordestina?;Aracaju oferece o Museu da Gente Sergipana, onde você pode aprender sobre a cultura nordestina, e o Mercado Thales Ferraz, onde pode provar a culinária regional.
Onde posso fazer passeios de barco em Fernando de Noronha?;Fernando de Noronha é um paraíso para passeios de barco. Explore praias como a Baía do Sancho, a Baía dos Porcos e a Praia do Leão em passeios emocionantes.
Quais são as atrações culturais em São João da Boa Vista, São Paulo?;São João da Boa Vista tem o Theatro Municipal, a Fazenda Sertãozinho e a Casa de Cultura e Museu Eduardo Silveira, que destacam a cultura da região.
O que fazer em Parintins, Amazonas, para vivenciar a cultura indígena?;Em Parintins, visite comunidades indígenas, participe de festas tradicionais, como o Boi-Bumbá, e conheça a rica cultura indígena da região.
Onde posso fazer trilhas na Serra dos Órgãos, Rio de Janeiro?;Na Serra dos Órgãos, faça trilhas desafiadoras, como a Travessia Petrópolis-Teresópolis e a Trilha da Pedra do Sino, para apreciar a paisagem montanhosa.
Quais são as melhores praias para a prática de snorkel em Maracajaú, Rio Grande do Norte?;Em Maracajaú, as piscinas naturais são ideais para snorkel. Explore as piscinas da Praia de Maracajaú e observe os recifes de coral e a vida marinha.
O que fazer em Teresina, Piauí, para conhecer a história do cangaço?;Teresina tem o Museu do Cangaço, onde você pode aprender sobre a história do cangaço e a vida de Lampião e Maria Bonita.
Onde posso encontrar artesanato em Maceió, Alagoas?;Em Maceió, visite o Mercado de Artesanato da Pajuçara e a Feira de Artesanato da Jatiúca para comprar artesanato local, como rendas e objetos decorativos.
Onde posso encontrar hotéis de selva em Manaus?;Em Manaus, você pode encontrar hotéis de selva, como o Anavilhanas Jungle Lodge e o Amazon Ecopark Lodge, que oferecem uma experiência única na Floresta Amazônica.
Quais são as atrações imperdíveis em Manaus?;Em Manaus, não deixe de visitar o Teatro Amazonas, o Mercado Municipal Adolpho Lisboa, o Encontro das Águas e fazer passeios de barco pelos igarapés da região.
Onde posso experimentar a culinária típica de Manaus?;Para provar a culinária típica de Manaus, vá a restaurantes locais e experimente pratos como o tambaqui assado, o tacacá e o pirarucu.
Quais são os melhores momentos para visitar o Teatro Amazonas em Manaus?;O Teatro Amazonas tem visitas guiadas diárias. No entanto, os momentos mais especiais são durante o Festival Amazonas de Ópera, quando ocorrem apresentações e espetáculos notáveis.
Onde posso encontrar artesanato indígena em Manaus?;Você pode encontrar artesanato indígena em Manaus no Mercado Adolpho Lisboa e no Centro Cultural dos Povos da Amazônia, onde são vendidas peças de diversas tribos da região.
O que fazer em Manaus para conhecer a vida selvagem da Amazônia?;Para conhecer a vida selvagem da Amazônia em Manaus, faça passeios de observação de jacarés à noite e visite o Bosque da Ciência, que abriga diversas espécies.
Onde posso fazer passeios de barco pelos rios na região de Manaus?;Faça passeios de barco pelos rios na região de Manaus, como o Rio Negro e o Rio Solimões, para explorar a flora e fauna da Amazônia.
Quais são os melhores parques e reservas naturais perto de Manaus?;A região de Manaus oferece parques e reservas naturais, como o Parque Nacional de Anavilhanas e a Reserva de Desenvolvimento Sustentável do Rio Negro.
O que fazer em Manaus para conhecer a cultura ribeirinha?;Para conhecer a cultura ribeirinha em Manaus, visite comunidades locais, como a Comunidade do Janauari, e participe de festas tradicionais.
Onde posso encontrar lojas de produtos regionais em Manaus?;Em Manaus, você pode encontrar lojas de produtos regionais, como o Mercado Municipal Adolpho Lisboa e o Mercado da Manaus Moderna, onde vendem produtos típicos da Amazônia.
Quais são os melhores locais para observação de aves na região de Manaus?;Na região de Manaus, vá a locais de observação de aves, como o Parque Estadual Sumaúma e a Reserva Florestal Adolpho Ducke, onde você pode avistar uma variedade de aves.
Onde posso aprender sobre as plantas medicinais da Amazônia em Manaus?;Para aprender sobre as plantas medicinais da Amazônia em Manaus, visite o Museu da Farmácia Magistral, onde você encontrará informações sobre as propriedades das plantas.
Quais são as atrações históricas no centro de Manaus?;No centro de Manaus, visite o Palácio da Justiça, o Palácio Rio Negro e a Igreja de São Sebastião para conhecer a história da cidade.
Onde posso fazer passeios de canoagem em Manaus?;Em Manaus, desfrute de passeios de canoagem nos igarapés e afluentes do Rio Negro, onde você pode explorar a natureza exuberante da região.
Quais são os melhores museus em Manaus para aprender sobre a história local?;Manaus tem museus como o Museu do Índio, o Museu da Amazônia (MUSA) e o Museu Tiradentes, onde você pode aprender sobre a história e cultura locais.
Onde posso fazer trilhas na floresta em Manaus?;Faça trilhas na floresta em Manaus no Parque Estadual Mindu e na Reserva Adolpho Ducke, onde você pode observar a fauna e flora da região.
Quais são as melhores praias fluviais perto de Manaus?;Desfrute de praias fluviais próximas a Manaus, como a Praia da Lua e a Praia do Açutuba, onde você pode relaxar às margens dos rios.
Onde posso participar de festivais culturais em Manaus?;Em Manaus, participe de festivais culturais como o Festival Amazonas de Ópera e o Festival Folclórico de Parintins para vivenciar a cultura da região.
Quais são os melhores mirantes em Manaus para vistas panorâmicas?;Obtenha vistas panorâmicas de Manaus a partir do Mirante do Rio Negro, do Mirante da Ponta Negra e do Mirante da Serra do Tepequém.
Onde posso assistir a um espetáculo de dança tradicional em Manaus?;Assista a espetáculos de dança tradicional no Centro Cultural Palácio da Justiça, onde grupos locais apresentam danças folclóricas.
Quais são as melhores opções para passeios de barco para observar a vida selvagem em Manaus?;Em Manaus, faça passeios de barco pelo Rio Amazonas e seus afluentes, como o Rio Negro, para observar a vida selvagem, incluindo aves, jacarés e botos.
O que fazer em Manaus durante o Festival de Parintins?;Durante o Festival de Parintins, participe de uma experiência única, assistindo às apresentações dos bois-bumbás Garantido e Caprichoso e explorando a cultura local.
Onde posso encontrar o artesanato indígena em Manaus?;Você pode encontrar artesanato indígena em Manaus no Mercado Municipal Adolpho Lisboa e no Centro de Artesanato Branco e Silva.
Quais são os melhores lugares para experimentar a culinária amazônica em Manaus?;Experimente a culinária amazônica em restaurantes tradicionais, como o Banzeiro e o Tambaqui de Banda, onde você pode saborear pratos à base de peixes da região.
O que fazer em Manaus para conhecer a cultura ribeirinha?;Conheça a cultura ribeirinha de Manaus visitando comunidades locais, como a Comunidade São Tomé, onde você pode interagir com moradores e aprender sobre seu modo de vida.
Onde posso fazer passeios de bicicleta na floresta amazônica perto de Manaus?;Faça passeios de bicicleta na floresta amazônica perto de Manaus no Parque Nacional de Anavilhanas e na Reserva de Desenvolvimento Sustentável do Rio Negro.
Quais são os melhores momentos para explorar o Bosque da Ciência em Manaus?;O Bosque da Ciência é um ótimo lugar para explorar a flora e fauna. Visite durante a manhã ou tarde para observar animais e plantas em seu ambiente natural.
Onde posso aprender sobre a história da borracha em Manaus?;Aprenda sobre a história da borracha em Manaus visitando o Museu do Seringal Vila Paraíso e o Museu do Seringal.
Quais são as melhores praias fluviais para relaxar perto de Manaus?;Relaxe em praias fluviais perto de Manaus, como a Praia da Ponta Negra, a Praia do Tupé e a Praia da Lua, onde você pode aproveitar o sol e a água.
O que fazer em Manaus para vivenciar a vida nos igarapés?;Vivencie a vida nos igarapés de Manaus fazendo passeios de canoagem e observação de aves nas áreas alagadas da região.
Onde posso comprar ervas e plantas medicinais em Manaus?;Compre ervas e plantas medicinais em Manaus no Mercado Adolpho Lisboa e no Mercado da Manaus Moderna, onde você encontrará uma variedade de produtos naturais.
Quais são as atrações culturais no Largo de São Sebastião em Manaus?;O Largo de São Sebastião abriga o Teatro Amazonas, o Museu Casa Eduardo Ribeiro e é um ótimo local para explorar a arquitetura histórica da cidade.
O que fazer em Manaus para aprender sobre a cultura indígena?;Para aprender sobre a cultura indígena, visite o Centro Cultural dos Povos da Amazônia, onde você encontrará exposições e apresentações culturais.
Onde posso encontrar lojas de produtos regionais em Manaus?;Encontre lojas de produtos regionais em Manaus no Mercado Adolpho Lisboa e no Centro de Artesanato Branco e Silva, onde você pode comprar artesanato local e produtos típicos.
Quais são as melhores áreas para a observação de aves em Manaus?;Manaus oferece ótimas áreas para a observação de aves, como o Parque Municipal do Mindu e a Reserva Florestal Adolpho Ducke, onde você pode avistar diversas espécies de aves.
O que fazer em Manaus para conhecer a história do ciclo da borracha?;Conheça a história do ciclo da borracha em Manaus visitando o Museu do Seringal, que recria uma fazenda de borracha do século XIX.
Onde posso fazer trilhas na floresta em Manaus?;Faça trilhas na floresta em Manaus no Parque Municipal do Mindu e na Reserva de Desenvolvimento Sustentável do Tupé, onde você pode explorar a flora e fauna local.
Quais são as melhores cachoeiras para visitar perto de Manaus?;Explore as cachoeiras perto de Manaus, como a Cachoeira do Mutum e a Cachoeira da Neblina, onde você pode se refrescar em
Qual é a principal atração turística do Rio de Janeiro?;O Cristo Redentor é uma das principais atrações do Rio de Janeiro, com sua vista deslumbrante da cidade e da Baía de Guanabara.
Onde posso encontrar praias paradisíacas no Brasil?;O Brasil é conhecido por suas praias maravilhosas. Alguns dos destinos de praia mais populares incluem Copacabana e Ipanema no Rio de Janeiro, e também a Praia do Forte na Bahia.
O que visitar na região da Amazônia?;A região amazônica é incrível! Você pode explorar a Floresta Amazônica, fazer passeios de barco pelo Rio Amazonas e visitar as comunidades ribeirinhas.
Quais são as atrações culturais em Salvador, Bahia?;Salvador é rica em cultura. Não deixe de visitar o Pelourinho, onde você pode experimentar a música, dança e comida tradicionais da Bahia. O Museu de Arte Moderna da Bahia também é uma ótima opção.
O que fazer em Foz do Iguaçu?;Em Foz do Iguaçu, você pode visitar as impressionantes Cataratas do Iguaçu, fazer um passeio de barco para chegar perto das quedas d'água e explorar o Parque Nacional do Iguaçu.
Onde encontrar boa comida típica brasileira?;A culinária brasileira é deliciosa! Experimente a feijoada, a moqueca, o acarajé na Bahia e o churrasco gaúcho no sul do Brasil.
Qual é a melhor época para visitar o Pantanal?;A melhor época para visitar o Pantanal é durante a estação seca, de junho a setembro. É quando você tem a melhor chance de avistar a vida selvagem da região.
O que fazer em Gramado, na Serra Gaúcha?;Gramado é famosa por seus festivais de cinema, parques temáticos e atrações de inverno. Visite o Lago Negro, o Mini Mundo e aproveite o clima europeu da cidade.
Qual é a atração mais famosa de Brasília?;O Congresso Nacional, com sua arquitetura distintiva, é uma das atrações mais famosas de Brasília. Também vale a pena visitar o Museu Nacional e a Catedral de Brasília.
Quais são as melhores praias no nordeste do Brasil?;As praias do Nordeste brasileiro são espetaculares. Alguns destaques incluem Porto de Galinhas, Praia dos Carneiros, Praia de Pipa e Canoa Quebrada.
Quais são os melhores pontos turísticos em São Paulo?;São Paulo oferece uma variedade de atrações, como o Museu de Arte de São Paulo (MASP), o Parque Ibirapuera, a Avenida Paulista e o Mercado Municipal.
Qual é a melhor maneira de explorar o Pantanal?;A melhor maneira de explorar o Pantanal é fazer passeios de barco, caminhadas na natureza e safáris para observar a vida selvagem. Guias locais podem ajudar a tornar a experiência mais enriquecedora.
O que torna o Carnaval do Rio de Janeiro famoso?;O Carnaval do Rio de Janeiro é famoso por seus desfiles de escolas de samba, festas animadas e o Sambódromo. É uma festa incrível que atrai visitantes de todo o mundo.
Quais são os principais parques nacionais no Brasil?;O Brasil possui muitos parques nacionais incríveis, incluindo o Parque Nacional da Serra dos Órgãos, o Parque Nacional do Itatiaia e o Parque Nacional do Pau Brasil, entre outros.
O que fazer em Recife, Pernambuco?;Recife é conhecida por suas belas praias e cultura única. Visite o Recife Antigo, a Praia de Boa Viagem e o Instituto Ricardo Brennand para explorar sua rica herança.
Quais são os melhores lugares para praticar esportes aquáticos no Brasil?;O Brasil oferece oportunidades incríveis para esportes aquáticos. Experimente o surfe em praias como a Praia da Joaquina em Florianópolis ou o kitesurfe em Jericoacoara.
O que visitar na Chapada Diamantina, na Bahia?;A Chapada Diamantina é um paraíso para os amantes da natureza. Explore a Cachoeira da Fumaça, a Gruta da Lapa Doce e o Morro do Pai Inácio para vistas panorâmicas deslumbrantes.
Como chegar a Fernando de Noronha?;Fernando de Noronha é um arquipélago no nordeste do Brasil. Para chegar lá, você pode pegar um voo direto de Recife ou Natal. É necessário pagar uma taxa ambiental para visitar a ilha.
O que é o Teatro Amazonas em Manaus?;O Teatro Amazonas é um marco histórico em Manaus, conhecido por sua arquitetura impressionante. Oferece apresentações de ópera e é uma atração cultural imperdível na região.
O que fazer na cidade histórica de Ouro Preto, Minas Gerais?;Ouro Preto é famosa por sua arquitetura colonial e história rica. Visite igrejas históricas, como a Igreja de São Francisco de Assis, e explore suas ruas de paralelepípedos.
Qual é a culinária típica da região amazônica?;A culinária amazônica é única. Experimente pratos à base de peixes, como o tambaqui e o pirarucu, acompanhados de frutas exóticas, como açaí e cupuaçu.
O que fazer em Florianópolis, Santa Catarina?;Florianópolis é conhecida por suas praias deslumbrantes. Visite a Praia Mole, a Lagoa da Conceição e a Ilha de Campeche para desfrutar da beleza natural da ilha.
Quais são os melhores destinos de ecoturismo no Brasil?;O Brasil oferece muitos destinos de ecoturismo. Além do Pantanal e da Amazônia, considere o Parque Nacional da Chapada dos Veadeiros e a Reserva Natural Mamirauá.
O que fazer em Belém, Pará?;Belém é famosa por sua culinária e cultura rica. Visite o Mercado Ver-o-Peso, o Theatro da Paz e experimente pratos típicos, como o tacacá e o açaí.
Qual é a atração mais popular em Bonito, Mato Grosso do Sul?;Bonito é conhecida por suas águas cristalinas e atividades de ecoturismo. A Gruta do Lago Azul e o Rio da Prata são destinos populares para mergulho e flutuação.
Onde encontrar as melhores trilhas no Brasil?;As trilhas no Brasil são diversas. Experimente a Trilha Inca do Brasil em Serra da Bocaina, a Trilha do Ouro em Paraty e a Trilha da Pedra Bonita no Rio de Janeiro.
O que visitar na cidade histórica de Tiradentes, Minas Gerais?;Tiradentes é uma cidade encantadora com ruas de paralelepípedos e arquitetura colonial. Explore a Igreja Matriz de Santo Antônio, a Rua Direita e desfrute da culinária mineira.
Quais são as principais atrações na Ilha do Mel, Paraná?;A Ilha do Mel é um refúgio natural com praias intocadas e trilhas. Visite o Farol das Conchas, a Fortaleza Nossa Senhora dos Prazeres e relaxe nas praias isoladas.
Como é o carnaval de Olinda, Pernambuco?;O Carnaval de Olinda é famoso por seus bonecos gigantes, frevo e ritmo animado. As ladeiras históricas da cidade são palco de festas incríveis durante o Carnaval.
O que fazer em Búzios, no estado do Rio de Janeiro?;Búzios é conhecida por suas praias e vida noturna. Visite a Praia de João Fernandes, faça um passeio de barco e desfrute dos bares e restaurantes à beira-mar.
Você está bem?;Sim, estou bem! Como posso ajudar você a explorar as atrações turísticas brasileiras?
Quem é você?;Eu sou um guia turístico virtual aqui para fornecer informações e dicas sobre as maravilhosas atrações turísticas do Brasil.
Qual é o seu nome?;Eu sou apenas um assistente de IA, então não tenho um nome, mas você pode me chamar de Guia Turístico Virtual.
O que você faz?;Minha função é ajudar os viajantes a descobrir e aprender sobre as incríveis atrações turísticas brasileiras, fornecendo informações e respondendo às suas perguntas.
Como posso planejar uma viagem ao Brasil?;Você pode começar decidindo quais regiões ou cidades brasileiras deseja visitar e, em seguida, pesquisar acomodações, atividades e transporte para criar seu itinerário.
Qual é o clima no Brasil durante o verão?;O Brasil é vasto, e o clima varia de região para região. Geralmente, o verão ocorre de dezembro a março, com temperaturas mais quentes, especialmente no litoral.
Onde posso encontrar informações sobre visto de viagem para o Brasil?;Você pode verificar as informações de visto no site oficial do governo brasileiro ou entrar em contato com a embaixada ou consulado brasileiro em seu país.
Como é o sistema de transporte público no Brasil?;O sistema de transporte público varia de cidade para cidade. Algumas cidades possuem metrô, ônibus e táxis, enquanto outras podem depender mais de ônibus e transporte por aplicativo.
O que você recomenda para viajantes de primeira viagem ao Brasil?;Para viajantes de primeira viagem, sugiro visitar destinos populares como o Rio de Janeiro, São Paulo, Salvador e as praias do nordeste. Não deixe de experimentar a comida local e aprender algumas palavras em português.
Como é a segurança para turistas no Brasil?;A segurança pode variar, mas em geral, mantenha-se atento e siga as orientações locais. Evite exibir objetos de valor e fique em áreas bem iluminadas à noite.
Você tem alguma recomendação de aplicativos úteis para viagem?;Alguns aplicativos úteis incluem Google Maps, Uber, Duolingo para aprender português básico e TripAdvisor para avaliações e recomendações de restaurantes e atrações.
Quanto tempo é recomendado para uma viagem ao Brasil?;A duração ideal da viagem ao Brasil depende de seus interesses e do tamanho do país. Muitos viajantes ficam de 1 a 3 semanas para explorar adequadamente.
O que é a Amazônia?;A Amazônia é a maior floresta tropical do mundo, localizada na América do Sul. É rica em biodiversidade e abriga uma variedade de espécies de plantas e animais.
Quais são os pratos típicos do café da manhã no Brasil?;O café da manhã brasileiro geralmente inclui pão, queijo, presunto, frutas tropicais, café e sucos naturais, como o suco de laranja.
Como é o clima no sul do Brasil durante o inverno?;O sul do Brasil tem invernos mais frios, com temperaturas mais baixas e possibilidade de geadas. É uma ótima época para visitar cidades como Gramado e Canela.
Qual é a diferença entre o samba e o frevo?;O samba é um gênero musical e uma dança tradicional do Brasil, especialmente associado ao Carnaval do Rio. O frevo é um estilo de dança e música típico do Carnaval de Pernambuco.
O que fazer em Fortaleza, Ceará?;Em Fortaleza, você pode visitar as belas praias, como a Praia do Futuro e a Praia de Iracema. Não deixe de experimentar a culinária local e o mercado de artesanato.
Quais são os melhores locais para observação de aves no Brasil?;O Brasil é um paraíso para observadores de aves. Visite o Pantanal, a região da Chapada dos Veadeiros, o Parque Nacional de Itatiaia e a Reserva Mamirauá para avistar diversas espécies.
Quais são as festas tradicionais mais populares no Brasil?;Além do Carnaval, o Brasil tem festas tradicionais populares, como o São João, a Festa de Parintins e o Festival de Cirio de Nazaré, que refletem a cultura regional.
Como é a vida noturna no Brasil?;A vida noturna no Brasil é vibrante. Cidades como São Paulo e Rio de Janeiro têm uma cena de bares e casas noturnas agitada, e o samba e o forró são populares para dançar.
O que é o Rio São Francisco?;O Rio São Francisco é o maior rio totalmente brasileiro. É conhecido por sua importância cultural e econômica, e você pode fazer passeios de barco para explorar suas águas.
Qual é a importância do futebol no Brasil?;O futebol é uma paixão nacional no Brasil. O país produziu muitos jogadores de renome mundial e é conhecido por suas equipes e torneios de futebol.
Como é a culinária da região sul do Brasil?;"A região sul do Brasil é famosa por seu churrasco, conhecido como ""churrasco gaúcho"". Além disso, pratos com influência alemã e italiana são comuns, como o ""galeto"" e o ""barreado""."
O que fazer em Salvador durante o Carnaval?;O Carnaval de Salvador é famoso por seus trios elétricos. Participe de blocos de rua, como o Olodum, e desfrute da festa no circuito Barra-Ondina.
O que é a Praça dos Três Poderes em Brasília?;A Praça dos Três Poderes em Brasília é um local icônico que abriga o Palácio do Planalto (Executivo), o Congresso Nacional (Legislativo) e o Supremo Tribunal Federal (Judiciário).
Como é a culinária típica do estado da Bahia?;A culinária da Bahia é conhecida por seus sabores intensos. Experimente o acarajé, o vatapá, a moqueca e o bobó de camarão, pratos típicos e deliciosos.
O que fazer na região dos Lençóis Maranhenses?;Os Lençóis Maranhenses são famosos por suas dunas e lagoas de água cristalina. Faça passeios de jipe e nade nas lagoas, como a Lagoa Bonita e a Lagoa Azul.
Quais são as atrações naturais imperdíveis no Brasil?;Além dos Lençóis Maranhenses, visite o Monte Roraima, a Praia do Sancho em Fernando de Noronha, o Pico da Bandeira e as Cataratas do Iguaçu.
Como é o transporte entre cidades no Brasil?;Você pode viajar entre cidades brasileiras de diversas maneiras, incluindo ônibus, trens e voos domésticos. A escolha depende da distância e da disponibilidade.
Quais são os festivais de música mais famosos no Brasil?;Além do Carnaval, o Brasil tem festivais de música populares, como o Rock in Rio, o Festival de Parintins e o Festival de Música Instrumental de Tatuí.
O que posso fazer em Manaus, Amazonas em uma viagem de dois dias?;Em dois dias em Manaus, Amazonas, uma boa estratégia é combinar Teatro Amazonas, Mercado Municipal Adolpho Lisboa, MUSA e Encontro das Águas. Reserve também um período para conhecer Rio Negro, floresta amazônica e cultura ribeirinha e experimentar tambaqui, pirarucu, tacacá e x-caboquinho.
Quais atrações valem a pena conhecer em Manaus, Amazonas?;Entre os destaques de Manaus, Amazonas estão Teatro Amazonas, Mercado Municipal Adolpho Lisboa, MUSA e Encontro das Águas. O destino também se destaca por Rio Negro, floresta amazônica e cultura ribeirinha.
O que comer durante uma viagem a Manaus, Amazonas?;Em Manaus, Amazonas, vale experimentar tambaqui, pirarucu, tacacá e x-caboquinho. Procure restaurantes e mercados locais para conhecer melhor os sabores da região.
Vale a pena visitar Manaus, Amazonas com a família?;Sim. Manaus, Amazonas pode oferecer boas experiências em família, especialmente com passeios por Teatro Amazonas, Mercado Municipal Adolpho Lisboa, MUSA e Encontro das Águas. Escolha atividades adequadas à idade do grupo e planeje os deslocamentos com antecedência.
Que tipo de turismo é mais comum em Manaus, Amazonas?;Manaus, Amazonas combina diferentes experiências, com destaque para Rio Negro, floresta amazônica e cultura ribeirinha. Também há opções ligadas à cultura local, à gastronomia e aos principais pontos turísticos.
Como montar um roteiro básico em Manaus, Amazonas?;Comece pelos principais pontos, como Teatro Amazonas, Mercado Municipal Adolpho Lisboa, MUSA e Encontro das Águas, e depois inclua experiências de Rio Negro, floresta amazônica e cultura ribeirinha. Deixe um horário livre para provar tambaqui, pirarucu, tacacá e x-caboquinho e caminhar por áreas centrais ou turísticas.
O que torna Manaus, Amazonas interessante para turistas?;Manaus, Amazonas se destaca pela combinação de Rio Negro, floresta amazônica e cultura ribeirinha, além de atrações como Teatro Amazonas, Mercado Municipal Adolpho Lisboa, MUSA e Encontro das Águas. A gastronomia local, com tambaqui, pirarucu, tacacá e x-caboquinho, também ajuda a tornar a visita mais completa.
Que experiências culturais posso ter em Manaus, Amazonas?;Em Manaus, Amazonas, você pode conhecer mercados, museus, centros históricos e manifestações locais. Visitar Teatro Amazonas, Mercado Municipal Adolpho Lisboa, MUSA e Encontro das Águas é uma boa forma de começar e complementar o passeio com a gastronomia regional.
O que posso fazer em Presidente Figueiredo, Amazonas em uma viagem de dois dias?;Em dois dias em Presidente Figueiredo, Amazonas, uma boa estratégia é combinar cachoeiras, cavernas e trilhas em áreas de floresta. Reserve também um período para conhecer cachoeiras, corredeiras e mata amazônica e experimentar peixes amazônicos e pratos regionais.
Quais atrações valem a pena conhecer em Presidente Figueiredo, Amazonas?;Entre os destaques de Presidente Figueiredo, Amazonas estão cachoeiras, cavernas e trilhas em áreas de floresta. O destino também se destaca por cachoeiras, corredeiras e mata amazônica.
O que comer durante uma viagem a Presidente Figueiredo, Amazonas?;Em Presidente Figueiredo, Amazonas, vale experimentar peixes amazônicos e pratos regionais. Procure restaurantes e mercados locais para conhecer melhor os sabores da região.
Vale a pena visitar Presidente Figueiredo, Amazonas com a família?;Sim. Presidente Figueiredo, Amazonas pode oferecer boas experiências em família, especialmente com passeios por cachoeiras, cavernas e trilhas em áreas de floresta. Escolha atividades adequadas à idade do grupo e planeje os deslocamentos com antecedência.
Que tipo de turismo é mais comum em Presidente Figueiredo, Amazonas?;Presidente Figueiredo, Amazonas combina diferentes experiências, com destaque para cachoeiras, corredeiras e mata amazônica. Também há opções ligadas à cultura local, à gastronomia e aos principais pontos turísticos.
Como montar um roteiro básico em Presidente Figueiredo, Amazonas?;Comece pelos principais pontos, como cachoeiras, cavernas e trilhas em áreas de floresta, e depois inclua experiências de cachoeiras, corredeiras e mata amazônica. Deixe um horário livre para provar peixes amazônicos e pratos regionais e caminhar por áreas centrais ou turísticas.
O que torna Presidente Figueiredo, Amazonas interessante para turistas?;Presidente Figueiredo, Amazonas se destaca pela combinação de cachoeiras, corredeiras e mata amazônica, além de atrações como cachoeiras, cavernas e trilhas em áreas de floresta. A gastronomia local, com peixes amazônicos e pratos regionais, também ajuda a tornar a visita mais completa.
Que experiências culturais posso ter em Presidente Figueiredo, Amazonas?;Em Presidente Figueiredo, Amazonas, você pode conhecer mercados, museus, centros históricos e manifestações locais. Visitar cachoeiras, cavernas e trilhas em áreas de floresta é uma boa forma de começar e complementar o passeio com a gastronomia regional.
O que posso fazer em Parintins, Amazonas em uma viagem de dois dias?;Em dois dias em Parintins, Amazonas, uma boa estratégia é combinar Bumbódromo, orla e espaços ligados ao Festival de Parintins. Reserve também um período para conhecer cultura do boi-bumbá e paisagens do rio Amazonas e experimentar peixes regionais e culinária amazônica.
Quais atrações valem a pena conhecer em Parintins, Amazonas?;Entre os destaques de Parintins, Amazonas estão Bumbódromo, orla e espaços ligados ao Festival de Parintins. O destino também se destaca por cultura do boi-bumbá e paisagens do rio Amazonas.
O que comer durante uma viagem a Parintins, Amazonas?;Em Parintins, Amazonas, vale experimentar peixes regionais e culinária amazônica. Procure restaurantes e mercados locais para conhecer melhor os sabores da região.
Vale a pena visitar Parintins, Amazonas com a família?;Sim. Parintins, Amazonas pode oferecer boas experiências em família, especialmente com passeios por Bumbódromo, orla e espaços ligados ao Festival de Parintins. Escolha atividades adequadas à idade do grupo e planeje os deslocamentos com antecedência.
Que tipo de turismo é mais comum em Parintins, Amazonas?;Parintins, Amazonas combina diferentes experiências, com destaque para cultura do boi-bumbá e paisagens do rio Amazonas. Também há opções ligadas à cultura local, à gastronomia e aos principais pontos turísticos.
Como montar um roteiro básico em Parintins, Amazonas?;Comece pelos principais pontos, como Bumbódromo, orla e espaços ligados ao Festival de Parintins, e depois inclua experiências de cultura do boi-bumbá e paisagens do rio Amazonas. Deixe um horário livre para provar peixes regionais e culinária amazônica e caminhar por áreas centrais ou turísticas.
O que torna Parintins, Amazonas interessante para turistas?;Parintins, Amazonas se destaca pela combinação de cultura do boi-bumbá e paisagens do rio Amazonas, além de atrações como Bumbódromo, orla e espaços ligados ao Festival de Parintins. A gastronomia local, com peixes regionais e culinária amazônica, também ajuda a tornar a visita mais completa.
Que experiências culturais posso ter em Parintins, Amazonas?;Em Parintins, Amazonas, você pode conhecer mercados, museus, centros históricos e manifestações locais. Visitar Bumbódromo, orla e espaços ligados ao Festival de Parintins é uma boa forma de começar e complementar o passeio com a gastronomia regional.
O que posso fazer em Novo Airão, Amazonas em uma viagem de dois dias?;Em dois dias em Novo Airão, Amazonas, uma boa estratégia é combinar Parque Nacional de Anavilhanas e passeios pelo Rio Negro. Reserve também um período para conhecer arquipélago fluvial, floresta e comunidades ribeirinhas e experimentar peixes amazônicos e produtos regionais.
Quais atrações valem a pena conhecer em Novo Airão, Amazonas?;Entre os destaques de Novo Airão, Amazonas estão Parque Nacional de Anavilhanas e passeios pelo Rio Negro. O destino também se destaca por arquipélago fluvial, floresta e comunidades ribeirinhas.
O que comer durante uma viagem a Novo Airão, Amazonas?;Em Novo Airão, Amazonas, vale experimentar peixes amazônicos e produtos regionais. Procure restaurantes e mercados locais para conhecer melhor os sabores da região.
Vale a pena visitar Novo Airão, Amazonas com a família?;Sim. Novo Airão, Amazonas pode oferecer boas experiências em família, especialmente com passeios por Parque Nacional de Anavilhanas e passeios pelo Rio Negro. Escolha atividades adequadas à idade do grupo e planeje os deslocamentos com antecedência.
Que tipo de turismo é mais comum em Novo Airão, Amazonas?;Novo Airão, Amazonas combina diferentes experiências, com destaque para arquipélago fluvial, floresta e comunidades ribeirinhas. Também há opções ligadas à cultura local, à gastronomia e aos principais pontos turísticos.
Como montar um roteiro básico em Novo Airão, Amazonas?;Comece pelos principais pontos, como Parque Nacional de Anavilhanas e passeios pelo Rio Negro, e depois inclua experiências de arquipélago fluvial, floresta e comunidades ribeirinhas. Deixe um horário livre para provar peixes amazônicos e produtos regionais e caminhar por áreas centrais ou turísticas.
O que torna Novo Airão, Amazonas interessante para turistas?;Novo Airão, Amazonas se destaca pela combinação de arquipélago fluvial, floresta e comunidades ribeirinhas, além de atrações como Parque Nacional de Anavilhanas e passeios pelo Rio Negro. A gastronomia local, com peixes amazônicos e produtos regionais, também ajuda a tornar a visita mais completa.
Que experiências culturais posso ter em Novo Airão, Amazonas?;Em Novo Airão, Amazonas, você pode conhecer mercados, museus, centros históricos e manifestações locais. Visitar Parque Nacional de Anavilhanas e passeios pelo Rio Negro é uma boa forma de começar e complementar o passeio com a gastronomia regional.
O que posso fazer em Belém, Pará em uma viagem de dois dias?;Em dois dias em Belém, Pará, uma boa estratégia é combinar Mercado Ver-o-Peso, Estação das Docas, Mangal das Garças e Theatro da Paz. Reserve também um período para conhecer cultura paraense, rios e gastronomia amazônica e experimentar tacacá, maniçoba, pato no tucupi e açaí.
Quais atrações valem a pena conhecer em Belém, Pará?;Entre os destaques de Belém, Pará estão Mercado Ver-o-Peso, Estação das Docas, Mangal das Garças e Theatro da Paz. O destino também se destaca por cultura paraense, rios e gastronomia amazônica.
O que comer durante uma viagem a Belém, Pará?;Em Belém, Pará, vale experimentar tacacá, maniçoba, pato no tucupi e açaí. Procure restaurantes e mercados locais para conhecer melhor os sabores da região.
Vale a pena visitar Belém, Pará com a família?;Sim. Belém, Pará pode oferecer boas experiências em família, especialmente com passeios por Mercado Ver-o-Peso, Estação das Docas, Mangal das Garças e Theatro da Paz. Escolha atividades adequadas à idade do grupo e planeje os deslocamentos com antecedência.
Que tipo de turismo é mais comum em Belém, Pará?;Belém, Pará combina diferentes experiências, com destaque para cultura paraense, rios e gastronomia amazônica. Também há opções ligadas à cultura local, à gastronomia e aos principais pontos turísticos.
Como montar um roteiro básico em Belém, Pará?;Comece pelos principais pontos, como Mercado Ver-o-Peso, Estação das Docas, Mangal das Garças e Theatro da Paz, e depois inclua experiências de cultura paraense, rios e gastronomia amazônica. Deixe um horário livre para provar tacacá, maniçoba, pato no tucupi e açaí e caminhar por áreas centrais ou turísticas.
O que torna Belém, Pará interessante para turistas?;Belém, Pará se destaca pela combinação de cultura paraense, rios e gastronomia amazônica, além de atrações como Mercado Ver-o-Peso, Estação das Docas, Mangal das Garças e Theatro da Paz. A gastronomia local, com tacacá, maniçoba, pato no tucupi e açaí, também ajuda a tornar a visita mais completa.
Que experiências culturais posso ter em Belém, Pará?;Em Belém, Pará, você pode conhecer mercados, museus, centros históricos e manifestações locais. Visitar Mercado Ver-o-Peso, Estação das Docas, Mangal das Garças e Theatro da Paz é uma boa forma de começar e complementar o passeio com a gastronomia regional.
O que posso fazer em Santarém, Pará em uma viagem de dois dias?;Em dois dias em Santarém, Pará, uma boa estratégia é combinar Alter do Chão, orla e encontros de rios. Reserve também um período para conhecer praias fluviais, floresta e rios amazônicos e experimentar peixes amazônicos e pratos paraenses.
Quais atrações valem a pena conhecer em Santarém, Pará?;Entre os destaques de Santarém, Pará estão Alter do Chão, orla e encontros de rios. O destino também se destaca por praias fluviais, floresta e rios amazônicos.
O que comer durante uma viagem a Santarém, Pará?;Em Santarém, Pará, vale experimentar peixes amazônicos e pratos paraenses. Procure restaurantes e mercados locais para conhecer melhor os sabores da região.
Vale a pena visitar Santarém, Pará com a família?;Sim. Santarém, Pará pode oferecer boas experiências em família, especialmente com passeios por Alter do Chão, orla e encontros de rios. Escolha atividades adequadas à idade do grupo e planeje os deslocamentos com antecedência.
Que tipo de turismo é mais comum em Santarém, Pará?;Santarém, Pará combina diferentes experiências, com destaque para praias fluviais, floresta e rios amazônicos. Também há opções ligadas à cultura local, à gastronomia e aos principais pontos turísticos.
Como montar um roteiro básico em Santarém, Pará?;Comece pelos principais pontos, como Alter do Chão, orla e encontros de rios, e depois inclua experiências de praias fluviais, floresta e rios amazônicos. Deixe um horário livre para provar peixes amazônicos e pratos paraenses e caminhar por áreas centrais ou turísticas.
O que torna Santarém, Pará interessante para turistas?;Santarém, Pará se destaca pela combinação de praias fluviais, floresta e rios amazônicos, além de atrações como Alter do Chão, orla e encontros de rios. A gastronomia local, com peixes amazônicos e pratos paraenses, também ajuda a tornar a visita mais completa.
Que experiências culturais posso ter em Santarém, Pará?;Em Santarém, Pará, você pode conhecer mercados, museus, centros históricos e manifestações locais. Visitar Alter do Chão, orla e encontros de rios é uma boa forma de começar e complementar o passeio com a gastronomia regional.
O que posso fazer em Alter do Chão, Pará em uma viagem de dois dias?;Em dois dias em Alter do Chão, Pará, uma boa estratégia é combinar Ilha do Amor, Lago Verde e praias de água doce. Reserve também um período para conhecer praias fluviais e paisagens do rio Tapajós e experimentar peixes regionais e culinária paraense.
Quais atrações valem a pena conhecer em Alter do Chão, Pará?;Entre os destaques de Alter do Chão, Pará estão Ilha do Amor, Lago Verde e praias de água doce. O destino também se destaca por praias fluviais e paisagens do rio Tapajós.
O que comer durante uma viagem a Alter do Chão, Pará?;Em Alter do Chão, Pará, vale experimentar peixes regionais e culinária paraense. Procure restaurantes e mercados locais para conhecer melhor os sabores da região.
Vale a pena visitar Alter do Chão, Pará com a família?;Sim. Alter do Chão, Pará pode oferecer boas experiências em família, especialmente com passeios por Ilha do Amor, Lago Verde e praias de água doce. Escolha atividades adequadas à idade do grupo e planeje os deslocamentos com antecedência.
Que tipo de turismo é mais comum em Alter do Chão, Pará?;Alter do Chão, Pará combina diferentes experiências, com destaque para praias fluviais e paisagens do rio Tapajós. Também há opções ligadas à cultura local, à gastronomia e aos principais pontos turísticos.
Como montar um roteiro básico em Alter do Chão, Pará?;Comece pelos principais pontos, como Ilha do Amor, Lago Verde e praias de água doce, e depois inclua experiências de praias fluviais e paisagens do rio Tapajós. Deixe um horário livre para provar peixes regionais e culinária paraense e caminhar por áreas centrais ou turísticas.
O que torna Alter do Chão, Pará interessante para turistas?;Alter do Chão, Pará se destaca pela combinação de praias fluviais e paisagens do rio Tapajós, além de atrações como Ilha do Amor, Lago Verde e praias de água doce. A gastronomia local, com peixes regionais e culinária paraense, também ajuda a tornar a visita mais completa.
Que experiências culturais posso ter em Alter do Chão, Pará?;Em Alter do Chão, Pará, você pode conhecer mercados, museus, centros históricos e manifestações locais. Visitar Ilha do Amor, Lago Verde e praias de água doce é uma boa forma de começar e complementar o passeio com a gastronomia regional.
O que posso fazer em Rio Branco, Acre em uma viagem de dois dias?;Em dois dias em Rio Branco, Acre, uma boa estratégia é combinar Palácio Rio Branco, Mercado Velho e espaços ligados à história da borracha. Reserve também um período para conhecer história regional e cultura amazônica e experimentar baixaria, quibe de arroz e pratos amazônicos.
Quais atrações valem a pena conhecer em Rio Branco, Acre?;Entre os destaques de Rio Branco, Acre estão Palácio Rio Branco, Mercado Velho e espaços ligados à história da borracha. O destino também se destaca por história regional e cultura amazônica.
O que comer durante uma viagem a Rio Branco, Acre?;Em Rio Branco, Acre, vale experimentar baixaria, quibe de arroz e pratos amazônicos. Procure restaurantes e mercados locais para conhecer melhor os sabores da região.
Vale a pena visitar Rio Branco, Acre com a família?;Sim. Rio Branco, Acre pode oferecer boas experiências em família, especialmente com passeios por Palácio Rio Branco, Mercado Velho e espaços ligados à história da borracha. Escolha atividades adequadas à idade do grupo e planeje os deslocamentos com antecedência.
Que tipo de turismo é mais comum em Rio Branco, Acre?;Rio Branco, Acre combina diferentes experiências, com destaque para história regional e cultura amazônica. Também há opções ligadas à cultura local, à gastronomia e aos principais pontos turísticos.
Como montar um roteiro básico em Rio Branco, Acre?;Comece pelos principais pontos, como Palácio Rio Branco, Mercado Velho e espaços ligados à história da borracha, e depois inclua experiências de história regional e cultura amazônica. Deixe um horário livre para provar baixaria, quibe de arroz e pratos amazônicos e caminhar por áreas centrais ou turísticas.
O que torna Rio Branco, Acre interessante para turistas?;Rio Branco, Acre se destaca pela combinação de história regional e cultura amazônica, além de atrações como Palácio Rio Branco, Mercado Velho e espaços ligados à história da borracha. A gastronomia local, com baixaria, quibe de arroz e pratos amazônicos, também ajuda a tornar a visita mais completa.
Que experiências culturais posso ter em Rio Branco, Acre?;Em Rio Branco, Acre, você pode conhecer mercados, museus, centros históricos e manifestações locais. Visitar Palácio Rio Branco, Mercado Velho e espaços ligados à história da borracha é uma boa forma de começar e complementar o passeio com a gastronomia regional.
O que posso fazer em Boa Vista, Roraima em uma viagem de dois dias?;Em dois dias em Boa Vista, Roraima, uma boa estratégia é combinar Orla Taumanan, Parque do Rio Branco e centro urbano. Reserve também um período para conhecer lavrado, rios e cultura roraimense e experimentar damurida, peixes e pratos regionais.
Quais atrações valem a pena conhecer em Boa Vista, Roraima?;Entre os destaques de Boa Vista, Roraima estão Orla Taumanan, Parque do Rio Branco e centro urbano. O destino também se destaca por lavrado, rios e cultura roraimense.
O que comer durante uma viagem a Boa Vista, Roraima?;Em Boa Vista, Roraima, vale experimentar damurida, peixes e pratos regionais. Procure restaurantes e mercados locais para conhecer melhor os sabores da região.
Vale a pena visitar Boa Vista, Roraima com a família?;Sim. Boa Vista, Roraima pode oferecer boas experiências em família, especialmente com passeios por Orla Taumanan, Parque do Rio Branco e centro urbano. Escolha atividades adequadas à idade do grupo e planeje os deslocamentos com antecedência.
Que tipo de turismo é mais comum em Boa Vista, Roraima?;Boa Vista, Roraima combina diferentes experiências, com destaque para lavrado, rios e cultura roraimense. Também há opções ligadas à cultura local, à gastronomia e aos principais pontos turísticos.
Como montar um roteiro básico em Boa Vista, Roraima?;Comece pelos principais pontos, como Orla Taumanan, Parque do Rio Branco e centro urbano, e depois inclua experiências de lavrado, rios e cultura roraimense. Deixe um horário livre para provar damurida, peixes e pratos regionais e caminhar por áreas centrais ou turísticas.
O que torna Boa Vista, Roraima interessante para turistas?;Boa Vista, Roraima se destaca pela combinação de lavrado, rios e cultura roraimense, além de atrações como Orla Taumanan, Parque do Rio Branco e centro urbano. A gastronomia local, com damurida, peixes e pratos regionais, também ajuda a tornar a visita mais completa.
Que experiências culturais posso ter em Boa Vista, Roraima?;Em Boa Vista, Roraima, você pode conhecer mercados, museus, centros históricos e manifestações locais. Visitar Orla Taumanan, Parque do Rio Branco e centro urbano é uma boa forma de começar e complementar o passeio com a gastronomia regional.
O que posso fazer em Macapá, Amapá em uma viagem de dois dias?;Em dois dias em Macapá, Amapá, uma boa estratégia é combinar Fortaleza de São José, Marco Zero e orla do Amazonas. Reserve também um período para conhecer rio Amazonas, cultura amapaense e linha do Equador e experimentar camarão no bafo, açaí e peixes regionais.
Quais atrações valem a pena conhecer em Macapá, Amapá?;Entre os destaques de Macapá, Amapá estão Fortaleza de São José, Marco Zero e orla do Amazonas. O destino também se destaca por rio Amazonas, cultura amapaense e linha do Equador.
O que comer durante uma viagem a Macapá, Amapá?;Em Macapá, Amapá, vale experimentar camarão no bafo, açaí e peixes regionais. Procure restaurantes e mercados locais para conhecer melhor os sabores da região.
Vale a pena visitar Macapá, Amapá com a família?;Sim. Macapá, Amapá pode oferecer boas experiências em família, especialmente com passeios por Fortaleza de São José, Marco Zero e orla do Amazonas. Escolha atividades adequadas à idade do grupo e planeje os deslocamentos com antecedência.
Que tipo de turismo é mais comum em Macapá, Amapá?;Macapá, Amapá combina diferentes experiências, com destaque para rio Amazonas, cultura amapaense e linha do Equador. Também há opções ligadas à cultura local, à gastronomia e aos principais pontos turísticos.
Como montar um roteiro básico em Macapá, Amapá?;Comece pelos principais pontos, como Fortaleza de São José, Marco Zero e orla do Amazonas, e depois inclua experiências de rio Amazonas, cultura amapaense e linha do Equador. Deixe um horário livre para provar camarão no bafo, açaí e peixes regionais e caminhar por áreas centrais ou turísticas.
O que torna Macapá, Amapá interessante para turistas?;Macapá, Amapá se destaca pela combinação de rio Amazonas, cultura amapaense e linha do Equador, além de atrações como Fortaleza de São José, Marco Zero e orla do Amazonas. A gastronomia local, com camarão no bafo, açaí e peixes regionais, também ajuda a tornar a visita mais completa.
Que experiências culturais posso ter em Macapá, Amapá?;Em Macapá, Amapá, você pode conhecer mercados, museus, centros históricos e manifestações locais. Visitar Fortaleza de São José, Marco Zero e orla do Amazonas é uma boa forma de começar e complementar o passeio com a gastronomia regional.
O que posso fazer em Porto Velho, Rondônia em uma viagem de dois dias?;Em dois dias em Porto Velho, Rondônia, uma boa estratégia é combinar Estrada de Ferro Madeira-Mamoré, mercados e orla do rio Madeira. Reserve também um período para conhecer rio Madeira e história da ocupação amazônica e experimentar peixes amazônicos e pratos regionais.
Quais atrações valem a pena conhecer em Porto Velho, Rondônia?;Entre os destaques de Porto Velho, Rondônia estão Estrada de Ferro Madeira-Mamoré, mercados e orla do rio Madeira. O destino também se destaca por rio Madeira e história da ocupação amazônica.
O que comer durante uma viagem a Porto Velho, Rondônia?;Em Porto Velho, Rondônia, vale experimentar peixes amazônicos e pratos regionais. Procure restaurantes e mercados locais para conhecer melhor os sabores da região.
Vale a pena visitar Porto Velho, Rondônia com a família?;Sim. Porto Velho, Rondônia pode oferecer boas experiências em família, especialmente com passeios por Estrada de Ferro Madeira-Mamoré, mercados e orla do rio Madeira. Escolha atividades adequadas à idade do grupo e planeje os deslocamentos com antecedência.
Que tipo de turismo é mais comum em Porto Velho, Rondônia?;Porto Velho, Rondônia combina diferentes experiências, com destaque para rio Madeira e história da ocupação amazônica. Também há opções ligadas à cultura local, à gastronomia e aos principais pontos turísticos.
Como montar um roteiro básico em Porto Velho, Rondônia?;Comece pelos principais pontos, como Estrada de Ferro Madeira-Mamoré, mercados e orla do rio Madeira, e depois inclua experiências de rio Madeira e história da ocupação amazônica. Deixe um horário livre para provar peixes amazônicos e pratos regionais e caminhar por áreas centrais ou turísticas.
O que torna Porto Velho, Rondônia interessante para turistas?;Porto Velho, Rondônia se destaca pela combinação de rio Madeira e história da ocupação amazônica, além de atrações como Estrada de Ferro Madeira-Mamoré, mercados e orla do rio Madeira. A gastronomia local, com peixes amazônicos e pratos regionais, também ajuda a tornar a visita mais completa.
Que experiências culturais posso ter em Porto Velho, Rondônia?;Em Porto Velho, Rondônia, você pode conhecer mercados, museus, centros históricos e manifestações locais. Visitar Estrada de Ferro Madeira-Mamoré, mercados e orla do rio Madeira é uma boa forma de começar e complementar o passeio com a gastronomia regional.
O que posso fazer em Salvador, Bahia em uma viagem de dois dias?;Em dois dias em Salvador, Bahia, uma boa estratégia é combinar Pelourinho, Elevador Lacerda, Farol da Barra e Mercado Modelo. Reserve também um período para conhecer história afro-brasileira, música e litoral e experimentar acarajé, moqueca, vatapá e abará.
Quais atrações valem a pena conhecer em Salvador, Bahia?;Entre os destaques de Salvador, Bahia estão Pelourinho, Elevador Lacerda, Farol da Barra e Mercado Modelo. O destino também se destaca por história afro-brasileira, música e litoral.
O que comer durante uma viagem a Salvador, Bahia?;Em Salvador, Bahia, vale experimentar acarajé, moqueca, vatapá e abará. Procure restaurantes e mercados locais para conhecer melhor os sabores da região.
Vale a pena visitar Salvador, Bahia com a família?;Sim. Salvador, Bahia pode oferecer boas experiências em família, especialmente com passeios por Pelourinho, Elevador Lacerda, Farol da Barra e Mercado Modelo. Escolha atividades adequadas à idade do grupo e planeje os deslocamentos com antecedência.
Que tipo de turismo é mais comum em Salvador, Bahia?;Salvador, Bahia combina diferentes experiências, com destaque para história afro-brasileira, música e litoral. Também há opções ligadas à cultura local, à gastronomia e aos principais pontos turísticos.
Como montar um roteiro básico em Salvador, Bahia?;Comece pelos principais pontos, como Pelourinho, Elevador Lacerda, Farol da Barra e Mercado Modelo, e depois inclua experiências de história afro-brasileira, música e litoral. Deixe um horário livre para provar acarajé, moqueca, vatapá e abará e caminhar por áreas centrais ou turísticas.
O que torna Salvador, Bahia interessante para turistas?;Salvador, Bahia se destaca pela combinação de história afro-brasileira, música e litoral, além de atrações como Pelourinho, Elevador Lacerda, Farol da Barra e Mercado Modelo. A gastronomia local, com acarajé, moqueca, vatapá e abará, também ajuda a tornar a visita mais completa.
Que experiências culturais posso ter em Salvador, Bahia?;Em Salvador, Bahia, você pode conhecer mercados, museus, centros históricos e manifestações locais. Visitar Pelourinho, Elevador Lacerda, Farol da Barra e Mercado Modelo é uma boa forma de começar e complementar o passeio com a gastronomia regional.
O que posso fazer em Lençóis, Bahia em uma viagem de dois dias?;Em dois dias em Lençóis, Bahia, uma boa estratégia é combinar centro histórico e acesso à Chapada Diamantina. Reserve também um período para conhecer cachoeiras, grutas, serras e trilhas e experimentar comida baiana e pratos do sertão.
Quais atrações valem a pena conhecer em Lençóis, Bahia?;Entre os destaques de Lençóis, Bahia estão centro histórico e acesso à Chapada Diamantina. O destino também se destaca por cachoeiras, grutas, serras e trilhas.
O que comer durante uma viagem a Lençóis, Bahia?;Em Lençóis, Bahia, vale experimentar comida baiana e pratos do sertão. Procure restaurantes e mercados locais para conhecer melhor os sabores da região.
Vale a pena visitar Lençóis, Bahia com a família?;Sim. Lençóis, Bahia pode oferecer boas experiências em família, especialmente com passeios por centro histórico e acesso à Chapada Diamantina. Escolha atividades adequadas à idade do grupo e planeje os deslocamentos com antecedência.
Que tipo de turismo é mais comum em Lençóis, Bahia?;Lençóis, Bahia combina diferentes experiências, com destaque para cachoeiras, grutas, serras e trilhas. Também há opções ligadas à cultura local, à gastronomia e aos principais pontos turísticos.
Como montar um roteiro básico em Lençóis, Bahia?;Comece pelos principais pontos, como centro histórico e acesso à Chapada Diamantina, e depois inclua experiências de cachoeiras, grutas, serras e trilhas. Deixe um horário livre para provar comida baiana e pratos do sertão e caminhar por áreas centrais ou turísticas.
O que torna Lençóis, Bahia interessante para turistas?;Lençóis, Bahia se destaca pela combinação de cachoeiras, grutas, serras e trilhas, além de atrações como centro histórico e acesso à Chapada Diamantina. A gastronomia local, com comida baiana e pratos do sertão, também ajuda a tornar a visita mais completa.
Que experiências culturais posso ter em Lençóis, Bahia?;Em Lençóis, Bahia, você pode conhecer mercados, museus, centros históricos e manifestações locais. Visitar centro histórico e acesso à Chapada Diamantina é uma boa forma de começar e complementar o passeio com a gastronomia regional.
O que posso fazer em Porto Seguro, Bahia em uma viagem de dois dias?;Em dois dias em Porto Seguro, Bahia, uma boa estratégia é combinar Centro Histórico, Passarela do Descobrimento e praias. Reserve também um período para conhecer história colonial, praias e cultura local e experimentar moqueca, frutos do mar e culinária baiana.
Quais atrações valem a pena conhecer em Porto Seguro, Bahia?;Entre os destaques de Porto Seguro, Bahia estão Centro Histórico, Passarela do Descobrimento e praias. O destino também se destaca por história colonial, praias e cultura local.
O que comer durante uma viagem a Porto Seguro, Bahia?;Em Porto Seguro, Bahia, vale experimentar moqueca, frutos do mar e culinária baiana. Procure restaurantes e mercados locais para conhecer melhor os sabores da região.
Vale a pena visitar Porto Seguro, Bahia com a família?;Sim. Porto Seguro, Bahia pode oferecer boas experiências em família, especialmente com passeios por Centro Histórico, Passarela do Descobrimento e praias. Escolha atividades adequadas à idade do grupo e planeje os deslocamentos com antecedência.
Que tipo de turismo é mais comum em Porto Seguro, Bahia?;Porto Seguro, Bahia combina diferentes experiências, com destaque para história colonial, praias e cultura local. Também há opções ligadas à cultura local, à gastronomia e aos principais pontos turísticos.
Como montar um roteiro básico em Porto Seguro, Bahia?;Comece pelos principais pontos, como Centro Histórico, Passarela do Descobrimento e praias, e depois inclua experiências de história colonial, praias e cultura local. Deixe um horário livre para provar moqueca, frutos do mar e culinária baiana e caminhar por áreas centrais ou turísticas.
O que torna Porto Seguro, Bahia interessante para turistas?;Porto Seguro, Bahia se destaca pela combinação de história colonial, praias e cultura local, além de atrações como Centro Histórico, Passarela do Descobrimento e praias. A gastronomia local, com moqueca, frutos do mar e culinária baiana, também ajuda a tornar a visita mais completa.
Que experiências culturais posso ter em Porto Seguro, Bahia?;Em Porto Seguro, Bahia, você pode conhecer mercados, museus, centros históricos e manifestações locais. Visitar Centro Histórico, Passarela do Descobrimento e praias é uma boa forma de começar e complementar o passeio com a gastronomia regional.
O que posso fazer em Morro de São Paulo, Bahia em uma viagem de dois dias?;Em dois dias em Morro de São Paulo, Bahia, uma boa estratégia é combinar Primeira, Segunda, Terceira e Quarta Praias e mirantes. Reserve também um período para conhecer praias, piscinas naturais e vida noturna e experimentar frutos do mar e culinária baiana.
Quais atrações valem a pena conhecer em Morro de São Paulo, Bahia?;Entre os destaques de Morro de São Paulo, Bahia estão Primeira, Segunda, Terceira e Quarta Praias e mirantes. O destino também se destaca por praias, piscinas naturais e vida noturna.
O que comer durante uma viagem a Morro de São Paulo, Bahia?;Em Morro de São Paulo, Bahia, vale experimentar frutos do mar e culinária baiana. Procure restaurantes e mercados locais para conhecer melhor os sabores da região.
Vale a pena visitar Morro de São Paulo, Bahia com a família?;Sim. Morro de São Paulo, Bahia pode oferecer boas experiências em família, especialmente com passeios por Primeira, Segunda, Terceira e Quarta Praias e mirantes. Escolha atividades adequadas à idade do grupo e planeje os deslocamentos com antecedência.
Que tipo de turismo é mais comum em Morro de São Paulo, Bahia?;Morro de São Paulo, Bahia combina diferentes experiências, com destaque para praias, piscinas naturais e vida noturna. Também há opções ligadas à cultura local, à gastronomia e aos principais pontos turísticos.
Como montar um roteiro básico em Morro de São Paulo, Bahia?;Comece pelos principais pontos, como Primeira, Segunda, Terceira e Quarta Praias e mirantes, e depois inclua experiências de praias, piscinas naturais e vida noturna. Deixe um horário livre para provar frutos do mar e culinária baiana e caminhar por áreas centrais ou turísticas.
O que torna Morro de São Paulo, Bahia interessante para turistas?;Morro de São Paulo, Bahia se destaca pela combinação de praias, piscinas naturais e vida noturna, além de atrações como Primeira, Segunda, Terceira e Quarta Praias e mirantes. A gastronomia local, com frutos do mar e culinária baiana, também ajuda a tornar a visita mais completa.
Que experiências culturais posso ter em Morro de São Paulo, Bahia?;Em Morro de São Paulo, Bahia, você pode conhecer mercados, museus, centros históricos e manifestações locais. Visitar Primeira, Segunda, Terceira e Quarta Praias e mirantes é uma boa forma de começar e complementar o passeio com a gastronomia regional.
O que posso fazer em Ilhéus, Bahia em uma viagem de dois dias?;Em dois dias em Ilhéus, Bahia, uma boa estratégia é combinar centro histórico, praias e locais ligados a Jorge Amado. Reserve também um período para conhecer litoral, cultura literária e história do cacau e experimentar cacau, chocolate e culinária baiana.
Quais atrações valem a pena conhecer em Ilhéus, Bahia?;Entre os destaques de Ilhéus, Bahia estão centro histórico, praias e locais ligados a Jorge Amado. O destino também se destaca por litoral, cultura literária e história do cacau.
O que comer durante uma viagem a Ilhéus, Bahia?;Em Ilhéus, Bahia, vale experimentar cacau, chocolate e culinária baiana. Procure restaurantes e mercados locais para conhecer melhor os sabores da região.
Vale a pena visitar Ilhéus, Bahia com a família?;Sim. Ilhéus, Bahia pode oferecer boas experiências em família, especialmente com passeios por centro histórico, praias e locais ligados a Jorge Amado. Escolha atividades adequadas à idade do grupo e planeje os deslocamentos com antecedência.
Que tipo de turismo é mais comum em Ilhéus, Bahia?;Ilhéus, Bahia combina diferentes experiências, com destaque para litoral, cultura literária e história do cacau. Também há opções ligadas à cultura local, à gastronomia e aos principais pontos turísticos.
Como montar um roteiro básico em Ilhéus, Bahia?;Comece pelos principais pontos, como centro histórico, praias e locais ligados a Jorge Amado, e depois inclua experiências de litoral, cultura literária e história do cacau. Deixe um horário livre para provar cacau, chocolate e culinária baiana e caminhar por áreas centrais ou turísticas.
O que torna Ilhéus, Bahia interessante para turistas?;Ilhéus, Bahia se destaca pela combinação de litoral, cultura literária e história do cacau, além de atrações como centro histórico, praias e locais ligados a Jorge Amado. A gastronomia local, com cacau, chocolate e culinária baiana, também ajuda a tornar a visita mais completa.
Que experiências culturais posso ter em Ilhéus, Bahia?;Em Ilhéus, Bahia, você pode conhecer mercados, museus, centros históricos e manifestações locais. Visitar centro histórico, praias e locais ligados a Jorge Amado é uma boa forma de começar e complementar o passeio com a gastronomia regional.
O que posso fazer em Recife, Pernambuco em uma viagem de dois dias?;Em dois dias em Recife, Pernambuco, uma boa estratégia é combinar Marco Zero, Recife Antigo, Paço do Frevo e Instituto Ricardo Brennand. Reserve também um período para conhecer história, frevo, rios e litoral e experimentar bolo de rolo, tapioca e pratos pernambucanos.
Quais atrações valem a pena conhecer em Recife, Pernambuco?;Entre os destaques de Recife, Pernambuco estão Marco Zero, Recife Antigo, Paço do Frevo e Instituto Ricardo Brennand. O destino também se destaca por história, frevo, rios e litoral.
O que comer durante uma viagem a Recife, Pernambuco?;Em Recife, Pernambuco, vale experimentar bolo de rolo, tapioca e pratos pernambucanos. Procure restaurantes e mercados locais para conhecer melhor os sabores da região.
Vale a pena visitar Recife, Pernambuco com a família?;Sim. Recife, Pernambuco pode oferecer boas experiências em família, especialmente com passeios por Marco Zero, Recife Antigo, Paço do Frevo e Instituto Ricardo Brennand. Escolha atividades adequadas à idade do grupo e planeje os deslocamentos com antecedência.
Que tipo de turismo é mais comum em Recife, Pernambuco?;Recife, Pernambuco combina diferentes experiências, com destaque para história, frevo, rios e litoral. Também há opções ligadas à cultura local, à gastronomia e aos principais pontos turísticos.
Como montar um roteiro básico em Recife, Pernambuco?;Comece pelos principais pontos, como Marco Zero, Recife Antigo, Paço do Frevo e Instituto Ricardo Brennand, e depois inclua experiências de história, frevo, rios e litoral. Deixe um horário livre para provar bolo de rolo, tapioca e pratos pernambucanos e caminhar por áreas centrais ou turísticas.
O que torna Recife, Pernambuco interessante para turistas?;Recife, Pernambuco se destaca pela combinação de história, frevo, rios e litoral, além de atrações como Marco Zero, Recife Antigo, Paço do Frevo e Instituto Ricardo Brennand. A gastronomia local, com bolo de rolo, tapioca e pratos pernambucanos, também ajuda a tornar a visita mais completa.
Que experiências culturais posso ter em Recife, Pernambuco?;Em Recife, Pernambuco, você pode conhecer mercados, museus, centros históricos e manifestações locais. Visitar Marco Zero, Recife Antigo, Paço do Frevo e Instituto Ricardo Brennand é uma boa forma de começar e complementar o passeio com a gastronomia regional.
O que posso fazer em Olinda, Pernambuco em uma viagem de dois dias?;Em dois dias em Olinda, Pernambuco, uma boa estratégia é combinar Centro Histórico, Alto da Sé e igrejas coloniais. Reserve também um período para conhecer casario colonial, frevo e carnaval de rua e experimentar tapioca, doces e culinária pernambucana.
Quais atrações valem a pena conhecer em Olinda, Pernambuco?;Entre os destaques de Olinda, Pernambuco estão Centro Histórico, Alto da Sé e igrejas coloniais. O destino também se destaca por casario colonial, frevo e carnaval de rua.
O que comer durante uma viagem a Olinda, Pernambuco?;Em Olinda, Pernambuco, vale experimentar tapioca, doces e culinária pernambucana. Procure restaurantes e mercados locais para conhecer melhor os sabores da região.
Vale a pena visitar Olinda, Pernambuco com a família?;Sim. Olinda, Pernambuco pode oferecer boas experiências em família, especialmente com passeios por Centro Histórico, Alto da Sé e igrejas coloniais. Escolha atividades adequadas à idade do grupo e planeje os deslocamentos com antecedência.
Que tipo de turismo é mais comum em Olinda, Pernambuco?;Olinda, Pernambuco combina diferentes experiências, com destaque para casario colonial, frevo e carnaval de rua. Também há opções ligadas à cultura local, à gastronomia e aos principais pontos turísticos.
Como montar um roteiro básico em Olinda, Pernambuco?;Comece pelos principais pontos, como Centro Histórico, Alto da Sé e igrejas coloniais, e depois inclua experiências de casario colonial, frevo e carnaval de rua. Deixe um horário livre para provar tapioca, doces e culinária pernambucana e caminhar por áreas centrais ou turísticas.
O que torna Olinda, Pernambuco interessante para turistas?;Olinda, Pernambuco se destaca pela combinação de casario colonial, frevo e carnaval de rua, além de atrações como Centro Histórico, Alto da Sé e igrejas coloniais. A gastronomia local, com tapioca, doces e culinária pernambucana, também ajuda a tornar a visita mais completa.
Que experiências culturais posso ter em Olinda, Pernambuco?;Em Olinda, Pernambuco, você pode conhecer mercados, museus, centros históricos e manifestações locais. Visitar Centro Histórico, Alto da Sé e igrejas coloniais é uma boa forma de começar e complementar o passeio com a gastronomia regional.
O que posso fazer em Porto de Galinhas, Pernambuco em uma viagem de dois dias?;Em dois dias em Porto de Galinhas, Pernambuco, uma boa estratégia é combinar piscinas naturais, praia de Muro Alto e centro da vila. Reserve também um período para conhecer recifes, piscinas naturais e praias e experimentar frutos do mar e culinária pernambucana.
Quais atrações valem a pena conhecer em Porto de Galinhas, Pernambuco?;Entre os destaques de Porto de Galinhas, Pernambuco estão piscinas naturais, praia de Muro Alto e centro da vila. O destino também se destaca por recifes, piscinas naturais e praias.
O que comer durante uma viagem a Porto de Galinhas, Pernambuco?;Em Porto de Galinhas, Pernambuco, vale experimentar frutos do mar e culinária pernambucana. Procure restaurantes e mercados locais para conhecer melhor os sabores da região.
Vale a pena visitar Porto de Galinhas, Pernambuco com a família?;Sim. Porto de Galinhas, Pernambuco pode oferecer boas experiências em família, especialmente com passeios por piscinas naturais, praia de Muro Alto e centro da vila. Escolha atividades adequadas à idade do grupo e planeje os deslocamentos com antecedência.
Que tipo de turismo é mais comum em Porto de Galinhas, Pernambuco?;Porto de Galinhas, Pernambuco combina diferentes experiências, com destaque para recifes, piscinas naturais e praias. Também há opções ligadas à cultura local, à gastronomia e aos principais pontos turísticos.
Como montar um roteiro básico em Porto de Galinhas, Pernambuco?;Comece pelos principais pontos, como piscinas naturais, praia de Muro Alto e centro da vila, e depois inclua experiências de recifes, piscinas naturais e praias. Deixe um horário livre para provar frutos do mar e culinária pernambucana e caminhar por áreas centrais ou turísticas.
O que torna Porto de Galinhas, Pernambuco interessante para turistas?;Porto de Galinhas, Pernambuco se destaca pela combinação de recifes, piscinas naturais e praias, além de atrações como piscinas naturais, praia de Muro Alto e centro da vila. A gastronomia local, com frutos do mar e culinária pernambucana, também ajuda a tornar a visita mais completa.
Que experiências culturais posso ter em Porto de Galinhas, Pernambuco?;Em Porto de Galinhas, Pernambuco, você pode conhecer mercados, museus, centros históricos e manifestações locais. Visitar piscinas naturais, praia de Muro Alto e centro da vila é uma boa forma de começar e complementar o passeio com a gastronomia regional.
O que posso fazer em Fernando de Noronha, Pernambuco em uma viagem de dois dias?;Em dois dias em Fernando de Noronha, Pernambuco, uma boa estratégia é combinar Baía do Sancho, Baía dos Porcos, Praia do Sueste e mirantes. Reserve também um período para conhecer mergulho, trilhas, praias e vida marinha e experimentar peixes e frutos do mar.
Quais atrações valem a pena conhecer em Fernando de Noronha, Pernambuco?;Entre os destaques de Fernando de Noronha, Pernambuco estão Baía do Sancho, Baía dos Porcos, Praia do Sueste e mirantes. O destino também se destaca por mergulho, trilhas, praias e vida marinha.
O que comer durante uma viagem a Fernando de Noronha, Pernambuco?;Em Fernando de Noronha, Pernambuco, vale experimentar peixes e frutos do mar. Procure restaurantes e mercados locais para conhecer melhor os sabores da região.
Vale a pena visitar Fernando de Noronha, Pernambuco com a família?;Sim. Fernando de Noronha, Pernambuco pode oferecer boas experiências em família, especialmente com passeios por Baía do Sancho, Baía dos Porcos, Praia do Sueste e mirantes. Escolha atividades adequadas à idade do grupo e planeje os deslocamentos com antecedência.
Que tipo de turismo é mais comum em Fernando de Noronha, Pernambuco?;Fernando de Noronha, Pernambuco combina diferentes experiências, com destaque para mergulho, trilhas, praias e vida marinha. Também há opções ligadas à cultura local, à gastronomia e aos principais pontos turísticos.
Como montar um roteiro básico em Fernando de Noronha, Pernambuco?;Comece pelos principais pontos, como Baía do Sancho, Baía dos Porcos, Praia do Sueste e mirantes, e depois inclua experiências de mergulho, trilhas, praias e vida marinha. Deixe um horário livre para provar peixes e frutos do mar e caminhar por áreas centrais ou turísticas.
O que torna Fernando de Noronha, Pernambuco interessante para turistas?;Fernando de Noronha, Pernambuco se destaca pela combinação de mergulho, trilhas, praias e vida marinha, além de atrações como Baía do Sancho, Baía dos Porcos, Praia do Sueste e mirantes. A gastronomia local, com peixes e frutos do mar, também ajuda a tornar a visita mais completa.
Que experiências culturais posso ter em Fernando de Noronha, Pernambuco?;Em Fernando de Noronha, Pernambuco, você pode conhecer mercados, museus, centros históricos e manifestações locais. Visitar Baía do Sancho, Baía dos Porcos, Praia do Sueste e mirantes é uma boa forma de começar e complementar o passeio com a gastronomia regional.
O que posso fazer em Fortaleza, Ceará em uma viagem de dois dias?;Em dois dias em Fortaleza, Ceará, uma boa estratégia é combinar Praia do Futuro, Beira-Mar, Centro Dragão do Mar e Mercado Central. Reserve também um período para conhecer praias urbanas, cultura e gastronomia cearense e experimentar caranguejo, baião de dois e peixes.
Quais atrações valem a pena conhecer em Fortaleza, Ceará?;Entre os destaques de Fortaleza, Ceará estão Praia do Futuro, Beira-Mar, Centro Dragão do Mar e Mercado Central. O destino também se destaca por praias urbanas, cultura e gastronomia cearense.
O que comer durante uma viagem a Fortaleza, Ceará?;Em Fortaleza, Ceará, vale experimentar caranguejo, baião de dois e peixes. Procure restaurantes e mercados locais para conhecer melhor os sabores da região.
Vale a pena visitar Fortaleza, Ceará com a família?;Sim. Fortaleza, Ceará pode oferecer boas experiências em família, especialmente com passeios por Praia do Futuro, Beira-Mar, Centro Dragão do Mar e Mercado Central. Escolha atividades adequadas à idade do grupo e planeje os deslocamentos com antecedência.
Que tipo de turismo é mais comum em Fortaleza, Ceará?;Fortaleza, Ceará combina diferentes experiências, com destaque para praias urbanas, cultura e gastronomia cearense. Também há opções ligadas à cultura local, à gastronomia e aos principais pontos turísticos.
Como montar um roteiro básico em Fortaleza, Ceará?;Comece pelos principais pontos, como Praia do Futuro, Beira-Mar, Centro Dragão do Mar e Mercado Central, e depois inclua experiências de praias urbanas, cultura e gastronomia cearense. Deixe um horário livre para provar caranguejo, baião de dois e peixes e caminhar por áreas centrais ou turísticas.
O que torna Fortaleza, Ceará interessante para turistas?;Fortaleza, Ceará se destaca pela combinação de praias urbanas, cultura e gastronomia cearense, além de atrações como Praia do Futuro, Beira-Mar, Centro Dragão do Mar e Mercado Central. A gastronomia local, com caranguejo, baião de dois e peixes, também ajuda a tornar a visita mais completa.
Que experiências culturais posso ter em Fortaleza, Ceará?;Em Fortaleza, Ceará, você pode conhecer mercados, museus, centros históricos e manifestações locais. Visitar Praia do Futuro, Beira-Mar, Centro Dragão do Mar e Mercado Central é uma boa forma de começar e complementar o passeio com a gastronomia regional.
O que posso fazer em Jericoacoara, Ceará em uma viagem de dois dias?;Em dois dias em Jericoacoara, Ceará, uma boa estratégia é combinar Duna do Pôr do Sol, Pedra Furada e Lagoa do Paraíso. Reserve também um período para conhecer dunas, lagoas, vento e esportes aquáticos e experimentar peixes, frutos do mar e culinária cearense.
Quais atrações valem a pena conhecer em Jericoacoara, Ceará?;Entre os destaques de Jericoacoara, Ceará estão Duna do Pôr do Sol, Pedra Furada e Lagoa do Paraíso. O destino também se destaca por dunas, lagoas, vento e esportes aquáticos.
O que comer durante uma viagem a Jericoacoara, Ceará?;Em Jericoacoara, Ceará, vale experimentar peixes, frutos do mar e culinária cearense. Procure restaurantes e mercados locais para conhecer melhor os sabores da região.
Vale a pena visitar Jericoacoara, Ceará com a família?;Sim. Jericoacoara, Ceará pode oferecer boas experiências em família, especialmente com passeios por Duna do Pôr do Sol, Pedra Furada e Lagoa do Paraíso. Escolha atividades adequadas à idade do grupo e planeje os deslocamentos com antecedência.
Que tipo de turismo é mais comum em Jericoacoara, Ceará?;Jericoacoara, Ceará combina diferentes experiências, com destaque para dunas, lagoas, vento e esportes aquáticos. Também há opções ligadas à cultura local, à gastronomia e aos principais pontos turísticos.
Como montar um roteiro básico em Jericoacoara, Ceará?;Comece pelos principais pontos, como Duna do Pôr do Sol, Pedra Furada e Lagoa do Paraíso, e depois inclua experiências de dunas, lagoas, vento e esportes aquáticos. Deixe um horário livre para provar peixes, frutos do mar e culinária cearense e caminhar por áreas centrais ou turísticas.
O que torna Jericoacoara, Ceará interessante para turistas?;Jericoacoara, Ceará se destaca pela combinação de dunas, lagoas, vento e esportes aquáticos, além de atrações como Duna do Pôr do Sol, Pedra Furada e Lagoa do Paraíso. A gastronomia local, com peixes, frutos do mar e culinária cearense, também ajuda a tornar a visita mais completa.
Que experiências culturais posso ter em Jericoacoara, Ceará?;Em Jericoacoara, Ceará, você pode conhecer mercados, museus, centros históricos e manifestações locais. Visitar Duna do Pôr do Sol, Pedra Furada e Lagoa do Paraíso é uma boa forma de começar e complementar o passeio com a gastronomia regional.
O que posso fazer em Canoa Quebrada, Ceará em uma viagem de dois dias?;Em dois dias em Canoa Quebrada, Ceará, uma boa estratégia é combinar falésias, Broadway e praias. Reserve também um período para conhecer falésias coloridas, mar e passeios de buggy e experimentar frutos do mar e culinária cearense.
Quais atrações valem a pena conhecer em Canoa Quebrada, Ceará?;Entre os destaques de Canoa Quebrada, Ceará estão falésias, Broadway e praias. O destino também se destaca por falésias coloridas, mar e passeios de buggy.
O que comer durante uma viagem a Canoa Quebrada, Ceará?;Em Canoa Quebrada, Ceará, vale experimentar frutos do mar e culinária cearense. Procure restaurantes e mercados locais para conhecer melhor os sabores da região.
Vale a pena visitar Canoa Quebrada, Ceará com a família?;Sim. Canoa Quebrada, Ceará pode oferecer boas experiências em família, especialmente com passeios por falésias, Broadway e praias. Escolha atividades adequadas à idade do grupo e planeje os deslocamentos com antecedência.
Que tipo de turismo é mais comum em Canoa Quebrada, Ceará?;Canoa Quebrada, Ceará combina diferentes experiências, com destaque para falésias coloridas, mar e passeios de buggy. Também há opções ligadas à cultura local, à gastronomia e aos principais pontos turísticos.
Como montar um roteiro básico em Canoa Quebrada, Ceará?;Comece pelos principais pontos, como falésias, Broadway e praias, e depois inclua experiências de falésias coloridas, mar e passeios de buggy. Deixe um horário livre para provar frutos do mar e culinária cearense e caminhar por áreas centrais ou turísticas.
O que torna Canoa Quebrada, Ceará interessante para turistas?;Canoa Quebrada, Ceará se destaca pela combinação de falésias coloridas, mar e passeios de buggy, além de atrações como falésias, Broadway e praias. A gastronomia local, com frutos do mar e culinária cearense, também ajuda a tornar a visita mais completa.
Que experiências culturais posso ter em Canoa Quebrada, Ceará?;Em Canoa Quebrada, Ceará, você pode conhecer mercados, museus, centros históricos e manifestações locais. Visitar falésias, Broadway e praias é uma boa forma de começar e complementar o passeio com a gastronomia regional.
O que posso fazer em Natal, Rio Grande do Norte em uma viagem de dois dias?;Em dois dias em Natal, Rio Grande do Norte, uma boa estratégia é combinar Ponta Negra, Forte dos Reis Magos e dunas de Genipabu. Reserve também um período para conhecer dunas, praias e passeios de buggy e experimentar ginga com tapioca, camarão e carne de sol.
Quais atrações valem a pena conhecer em Natal, Rio Grande do Norte?;Entre os destaques de Natal, Rio Grande do Norte estão Ponta Negra, Forte dos Reis Magos e dunas de Genipabu. O destino também se destaca por dunas, praias e passeios de buggy.
O que comer durante uma viagem a Natal, Rio Grande do Norte?;Em Natal, Rio Grande do Norte, vale experimentar ginga com tapioca, camarão e carne de sol. Procure restaurantes e mercados locais para conhecer melhor os sabores da região.
Vale a pena visitar Natal, Rio Grande do Norte com a família?;Sim. Natal, Rio Grande do Norte pode oferecer boas experiências em família, especialmente com passeios por Ponta Negra, Forte dos Reis Magos e dunas de Genipabu. Escolha atividades adequadas à idade do grupo e planeje os deslocamentos com antecedência.
Que tipo de turismo é mais comum em Natal, Rio Grande do Norte?;Natal, Rio Grande do Norte combina diferentes experiências, com destaque para dunas, praias e passeios de buggy. Também há opções ligadas à cultura local, à gastronomia e aos principais pontos turísticos.
Como montar um roteiro básico em Natal, Rio Grande do Norte?;Comece pelos principais pontos, como Ponta Negra, Forte dos Reis Magos e dunas de Genipabu, e depois inclua experiências de dunas, praias e passeios de buggy. Deixe um horário livre para provar ginga com tapioca, camarão e carne de sol e caminhar por áreas centrais ou turísticas.
O que torna Natal, Rio Grande do Norte interessante para turistas?;Natal, Rio Grande do Norte se destaca pela combinação de dunas, praias e passeios de buggy, além de atrações como Ponta Negra, Forte dos Reis Magos e dunas de Genipabu. A gastronomia local, com ginga com tapioca, camarão e carne de sol, também ajuda a tornar a visita mais completa.
Que experiências culturais posso ter em Natal, Rio Grande do Norte?;Em Natal, Rio Grande do Norte, você pode conhecer mercados, museus, centros históricos e manifestações locais. Visitar Ponta Negra, Forte dos Reis Magos e dunas de Genipabu é uma boa forma de começar e complementar o passeio com a gastronomia regional.
O que posso fazer em Pipa, Rio Grande do Norte em uma viagem de dois dias?;Em dois dias em Pipa, Rio Grande do Norte, uma boa estratégia é combinar Praia do Amor, Baía dos Golfinhos e falésias. Reserve também um período para conhecer falésias, praias e observação de golfinhos e experimentar frutos do mar e culinária potiguar.
Quais atrações valem a pena conhecer em Pipa, Rio Grande do Norte?;Entre os destaques de Pipa, Rio Grande do Norte estão Praia do Amor, Baía dos Golfinhos e falésias. O destino também se destaca por falésias, praias e observação de golfinhos.
O que comer durante uma viagem a Pipa, Rio Grande do Norte?;Em Pipa, Rio Grande do Norte, vale experimentar frutos do mar e culinária potiguar. Procure restaurantes e mercados locais para conhecer melhor os sabores da região.
Vale a pena visitar Pipa, Rio Grande do Norte com a família?;Sim. Pipa, Rio Grande do Norte pode oferecer boas experiências em família, especialmente com passeios por Praia do Amor, Baía dos Golfinhos e falésias. Escolha atividades adequadas à idade do grupo e planeje os deslocamentos com antecedência.
Que tipo de turismo é mais comum em Pipa, Rio Grande do Norte?;Pipa, Rio Grande do Norte combina diferentes experiências, com destaque para falésias, praias e observação de golfinhos. Também há opções ligadas à cultura local, à gastronomia e aos principais pontos turísticos.
Como montar um roteiro básico em Pipa, Rio Grande do Norte?;Comece pelos principais pontos, como Praia do Amor, Baía dos Golfinhos e falésias, e depois inclua experiências de falésias, praias e observação de golfinhos. Deixe um horário livre para provar frutos do mar e culinária potiguar e caminhar por áreas centrais ou turísticas.
O que torna Pipa, Rio Grande do Norte interessante para turistas?;Pipa, Rio Grande do Norte se destaca pela combinação de falésias, praias e observação de golfinhos, além de atrações como Praia do Amor, Baía dos Golfinhos e falésias. A gastronomia local, com frutos do mar e culinária potiguar, também ajuda a tornar a visita mais completa.
Que experiências culturais posso ter em Pipa, Rio Grande do Norte?;Em Pipa, Rio Grande do Norte, você pode conhecer mercados, museus, centros históricos e manifestações locais. Visitar Praia do Amor, Baía dos Golfinhos e falésias é uma boa forma de começar e complementar o passeio com a gastronomia regional.
O que posso fazer em João Pessoa, Paraíba em uma viagem de dois dias?;Em dois dias em João Pessoa, Paraíba, uma boa estratégia é combinar Centro Histórico, Praia de Tambaú e Farol do Cabo Branco. Reserve também um período para conhecer praias, cultura e patrimônio histórico e experimentar rubacão, carne de sol e frutos do mar.
Quais atrações valem a pena conhecer em João Pessoa, Paraíba?;Entre os destaques de João Pessoa, Paraíba estão Centro Histórico, Praia de Tambaú e Farol do Cabo Branco. O destino também se destaca por praias, cultura e patrimônio histórico.
O que comer durante uma viagem a João Pessoa, Paraíba?;Em João Pessoa, Paraíba, vale experimentar rubacão, carne de sol e frutos do mar. Procure restaurantes e mercados locais para conhecer melhor os sabores da região.
Vale a pena visitar João Pessoa, Paraíba com a família?;Sim. João Pessoa, Paraíba pode oferecer boas experiências em família, especialmente com passeios por Centro Histórico, Praia de Tambaú e Farol do Cabo Branco. Escolha atividades adequadas à idade do grupo e planeje os deslocamentos com antecedência.
Que tipo de turismo é mais comum em João Pessoa, Paraíba?;João Pessoa, Paraíba combina diferentes experiências, com destaque para praias, cultura e patrimônio histórico. Também há opções ligadas à cultura local, à gastronomia e aos principais pontos turísticos.
Como montar um roteiro básico em João Pessoa, Paraíba?;Comece pelos principais pontos, como Centro Histórico, Praia de Tambaú e Farol do Cabo Branco, e depois inclua experiências de praias, cultura e patrimônio histórico. Deixe um horário livre para provar rubacão, carne de sol e frutos do mar e caminhar por áreas centrais ou turísticas.
O que torna João Pessoa, Paraíba interessante para turistas?;João Pessoa, Paraíba se destaca pela combinação de praias, cultura e patrimônio histórico, além de atrações como Centro Histórico, Praia de Tambaú e Farol do Cabo Branco. A gastronomia local, com rubacão, carne de sol e frutos do mar, também ajuda a tornar a visita mais completa.
Que experiências culturais posso ter em João Pessoa, Paraíba?;Em João Pessoa, Paraíba, você pode conhecer mercados, museus, centros históricos e manifestações locais. Visitar Centro Histórico, Praia de Tambaú e Farol do Cabo Branco é uma boa forma de começar e complementar o passeio com a gastronomia regional.
O que posso fazer em Campina Grande, Paraíba em uma viagem de dois dias?;Em dois dias em Campina Grande, Paraíba, uma boa estratégia é combinar Parque do Povo, museus e espaços culturais. Reserve também um período para conhecer cultura nordestina e festas de São João e experimentar cuscuz, carne de sol e comidas juninas.
Quais atrações valem a pena conhecer em Campina Grande, Paraíba?;Entre os destaques de Campina Grande, Paraíba estão Parque do Povo, museus e espaços culturais. O destino também se destaca por cultura nordestina e festas de São João.
O que comer durante uma viagem a Campina Grande, Paraíba?;Em Campina Grande, Paraíba, vale experimentar cuscuz, carne de sol e comidas juninas. Procure restaurantes e mercados locais para conhecer melhor os sabores da região.
Vale a pena visitar Campina Grande, Paraíba com a família?;Sim. Campina Grande, Paraíba pode oferecer boas experiências em família, especialmente com passeios por Parque do Povo, museus e espaços culturais. Escolha atividades adequadas à idade do grupo e planeje os deslocamentos com antecedência.
Que tipo de turismo é mais comum em Campina Grande, Paraíba?;Campina Grande, Paraíba combina diferentes experiências, com destaque para cultura nordestina e festas de São João. Também há opções ligadas à cultura local, à gastronomia e aos principais pontos turísticos.
Como montar um roteiro básico em Campina Grande, Paraíba?;Comece pelos principais pontos, como Parque do Povo, museus e espaços culturais, e depois inclua experiências de cultura nordestina e festas de São João. Deixe um horário livre para provar cuscuz, carne de sol e comidas juninas e caminhar por áreas centrais ou turísticas.
O que torna Campina Grande, Paraíba interessante para turistas?;Campina Grande, Paraíba se destaca pela combinação de cultura nordestina e festas de São João, além de atrações como Parque do Povo, museus e espaços culturais. A gastronomia local, com cuscuz, carne de sol e comidas juninas, também ajuda a tornar a visita mais completa.
Que experiências culturais posso ter em Campina Grande, Paraíba?;Em Campina Grande, Paraíba, você pode conhecer mercados, museus, centros históricos e manifestações locais. Visitar Parque do Povo, museus e espaços culturais é uma boa forma de começar e complementar o passeio com a gastronomia regional.
O que posso fazer em Maceió, Alagoas em uma viagem de dois dias?;Em dois dias em Maceió, Alagoas, uma boa estratégia é combinar Pajuçara, Ponta Verde e piscinas naturais. Reserve também um período para conhecer mar de águas claras, jangadas e piscinas naturais e experimentar sururu, tapioca e frutos do mar.
Quais atrações valem a pena conhecer em Maceió, Alagoas?;Entre os destaques de Maceió, Alagoas estão Pajuçara, Ponta Verde e piscinas naturais. O destino também se destaca por mar de águas claras, jangadas e piscinas naturais.
O que comer durante uma viagem a Maceió, Alagoas?;Em Maceió, Alagoas, vale experimentar sururu, tapioca e frutos do mar. Procure restaurantes e mercados locais para conhecer melhor os sabores da região.
Vale a pena visitar Maceió, Alagoas com a família?;Sim. Maceió, Alagoas pode oferecer boas experiências em família, especialmente com passeios por Pajuçara, Ponta Verde e piscinas naturais. Escolha atividades adequadas à idade do grupo e planeje os deslocamentos com antecedência.
Que tipo de turismo é mais comum em Maceió, Alagoas?;Maceió, Alagoas combina diferentes experiências, com destaque para mar de águas claras, jangadas e piscinas naturais. Também há opções ligadas à cultura local, à gastronomia e aos principais pontos turísticos.
Como montar um roteiro básico em Maceió, Alagoas?;Comece pelos principais pontos, como Pajuçara, Ponta Verde e piscinas naturais, e depois inclua experiências de mar de águas claras, jangadas e piscinas naturais. Deixe um horário livre para provar sururu, tapioca e frutos do mar e caminhar por áreas centrais ou turísticas.
O que torna Maceió, Alagoas interessante para turistas?;Maceió, Alagoas se destaca pela combinação de mar de águas claras, jangadas e piscinas naturais, além de atrações como Pajuçara, Ponta Verde e piscinas naturais. A gastronomia local, com sururu, tapioca e frutos do mar, também ajuda a tornar a visita mais completa.
Que experiências culturais posso ter em Maceió, Alagoas?;Em Maceió, Alagoas, você pode conhecer mercados, museus, centros históricos e manifestações locais. Visitar Pajuçara, Ponta Verde e piscinas naturais é uma boa forma de começar e complementar o passeio com a gastronomia regional.
O que posso fazer em Maragogi, Alagoas em uma viagem de dois dias?;Em dois dias em Maragogi, Alagoas, uma boa estratégia é combinar galés, praias e piscinas naturais. Reserve também um período para conhecer recifes, piscinas naturais e praias e experimentar frutos do mar e culinária alagoana.
Quais atrações valem a pena conhecer em Maragogi, Alagoas?;Entre os destaques de Maragogi, Alagoas estão galés, praias e piscinas naturais. O destino também se destaca por recifes, piscinas naturais e praias.
O que comer durante uma viagem a Maragogi, Alagoas?;Em Maragogi, Alagoas, vale experimentar frutos do mar e culinária alagoana. Procure restaurantes e mercados locais para conhecer melhor os sabores da região.
Vale a pena visitar Maragogi, Alagoas com a família?;Sim. Maragogi, Alagoas pode oferecer boas experiências em família, especialmente com passeios por galés, praias e piscinas naturais. Escolha atividades adequadas à idade do grupo e planeje os deslocamentos com antecedência.
Que tipo de turismo é mais comum em Maragogi, Alagoas?;Maragogi, Alagoas combina diferentes experiências, com destaque para recifes, piscinas naturais e praias. Também há opções ligadas à cultura local, à gastronomia e aos principais pontos turísticos.
Como montar um roteiro básico em Maragogi, Alagoas?;Comece pelos principais pontos, como galés, praias e piscinas naturais, e depois inclua experiências de recifes, piscinas naturais e praias. Deixe um horário livre para provar frutos do mar e culinária alagoana e caminhar por áreas centrais ou turísticas.
O que torna Maragogi, Alagoas interessante para turistas?;Maragogi, Alagoas se destaca pela combinação de recifes, piscinas naturais e praias, além de atrações como galés, praias e piscinas naturais. A gastronomia local, com frutos do mar e culinária alagoana, também ajuda a tornar a visita mais completa.
Que experiências culturais posso ter em Maragogi, Alagoas?;Em Maragogi, Alagoas, você pode conhecer mercados, museus, centros históricos e manifestações locais. Visitar galés, praias e piscinas naturais é uma boa forma de começar e complementar o passeio com a gastronomia regional.
O que posso fazer em São Miguel dos Milagres, Alagoas em uma viagem de dois dias?;Em dois dias em São Miguel dos Milagres, Alagoas, uma boa estratégia é combinar praias, piscinas naturais e vilas costeiras. Reserve também um período para conhecer praias tranquilas e recifes e experimentar frutos do mar e culinária alagoana.
Quais atrações valem a pena conhecer em São Miguel dos Milagres, Alagoas?;Entre os destaques de São Miguel dos Milagres, Alagoas estão praias, piscinas naturais e vilas costeiras. O destino também se destaca por praias tranquilas e recifes.
O que comer durante uma viagem a São Miguel dos Milagres, Alagoas?;Em São Miguel dos Milagres, Alagoas, vale experimentar frutos do mar e culinária alagoana. Procure restaurantes e mercados locais para conhecer melhor os sabores da região.
Vale a pena visitar São Miguel dos Milagres, Alagoas com a família?;Sim. São Miguel dos Milagres, Alagoas pode oferecer boas experiências em família, especialmente com passeios por praias, piscinas naturais e vilas costeiras. Escolha atividades adequadas à idade do grupo e planeje os deslocamentos com antecedência.
Que tipo de turismo é mais comum em São Miguel dos Milagres, Alagoas?;São Miguel dos Milagres, Alagoas combina diferentes experiências, com destaque para praias tranquilas e recifes. Também há opções ligadas à cultura local, à gastronomia e aos principais pontos turísticos.
Como montar um roteiro básico em São Miguel dos Milagres, Alagoas?;Comece pelos principais pontos, como praias, piscinas naturais e vilas costeiras, e depois inclua experiências de praias tranquilas e recifes. Deixe um horário livre para provar frutos do mar e culinária alagoana e caminhar por áreas centrais ou turísticas.
O que torna São Miguel dos Milagres, Alagoas interessante para turistas?;São Miguel dos Milagres, Alagoas se destaca pela combinação de praias tranquilas e recifes, além de atrações como praias, piscinas naturais e vilas costeiras. A gastronomia local, com frutos do mar e culinária alagoana, também ajuda a tornar a visita mais completa.
Que experiências culturais posso ter em São Miguel dos Milagres, Alagoas?;Em São Miguel dos Milagres, Alagoas, você pode conhecer mercados, museus, centros históricos e manifestações locais. Visitar praias, piscinas naturais e vilas costeiras é uma boa forma de começar e complementar o passeio com a gastronomia regional.
O que posso fazer em Aracaju, Sergipe em uma viagem de dois dias?;Em dois dias em Aracaju, Sergipe, uma boa estratégia é combinar Orla de Atalaia, Museu da Gente Sergipana e mercados. Reserve também um período para conhecer litoral, cultura e gastronomia sergipana e experimentar caranguejo, mangaba e pratos sergipanos.
Quais atrações valem a pena conhecer em Aracaju, Sergipe?;Entre os destaques de Aracaju, Sergipe estão Orla de Atalaia, Museu da Gente Sergipana e mercados. O destino também se destaca por litoral, cultura e gastronomia sergipana.
O que comer durante uma viagem a Aracaju, Sergipe?;Em Aracaju, Sergipe, vale experimentar caranguejo, mangaba e pratos sergipanos. Procure restaurantes e mercados locais para conhecer melhor os sabores da região.
Vale a pena visitar Aracaju, Sergipe com a família?;Sim. Aracaju, Sergipe pode oferecer boas experiências em família, especialmente com passeios por Orla de Atalaia, Museu da Gente Sergipana e mercados. Escolha atividades adequadas à idade do grupo e planeje os deslocamentos com antecedência.
Que tipo de turismo é mais comum em Aracaju, Sergipe?;Aracaju, Sergipe combina diferentes experiências, com destaque para litoral, cultura e gastronomia sergipana. Também há opções ligadas à cultura local, à gastronomia e aos principais pontos turísticos.
Como montar um roteiro básico em Aracaju, Sergipe?;Comece pelos principais pontos, como Orla de Atalaia, Museu da Gente Sergipana e mercados, e depois inclua experiências de litoral, cultura e gastronomia sergipana. Deixe um horário livre para provar caranguejo, mangaba e pratos sergipanos e caminhar por áreas centrais ou turísticas.
O que torna Aracaju, Sergipe interessante para turistas?;Aracaju, Sergipe se destaca pela combinação de litoral, cultura e gastronomia sergipana, além de atrações como Orla de Atalaia, Museu da Gente Sergipana e mercados. A gastronomia local, com caranguejo, mangaba e pratos sergipanos, também ajuda a tornar a visita mais completa.
Que experiências culturais posso ter em Aracaju, Sergipe?;Em Aracaju, Sergipe, você pode conhecer mercados, museus, centros históricos e manifestações locais. Visitar Orla de Atalaia, Museu da Gente Sergipana e mercados é uma boa forma de começar e complementar o passeio com a gastronomia regional.
O que posso fazer em São Luís, Maranhão em uma viagem de dois dias?;Em dois dias em São Luís, Maranhão, uma boa estratégia é combinar Centro Histórico, Casa do Maranhão e espaços de cultura popular. Reserve também um período para conhecer azulejos, bumba meu boi e cultura maranhense e experimentar arroz de cuxá, torta de camarão e juçara.
Quais atrações valem a pena conhecer em São Luís, Maranhão?;Entre os destaques de São Luís, Maranhão estão Centro Histórico, Casa do Maranhão e espaços de cultura popular. O destino também se destaca por azulejos, bumba meu boi e cultura maranhense.
O que comer durante uma viagem a São Luís, Maranhão?;Em São Luís, Maranhão, vale experimentar arroz de cuxá, torta de camarão e juçara. Procure restaurantes e mercados locais para conhecer melhor os sabores da região.
Vale a pena visitar São Luís, Maranhão com a família?;Sim. São Luís, Maranhão pode oferecer boas experiências em família, especialmente com passeios por Centro Histórico, Casa do Maranhão e espaços de cultura popular. Escolha atividades adequadas à idade do grupo e planeje os deslocamentos com antecedência.
Que tipo de turismo é mais comum em São Luís, Maranhão?;São Luís, Maranhão combina diferentes experiências, com destaque para azulejos, bumba meu boi e cultura maranhense. Também há opções ligadas à cultura local, à gastronomia e aos principais pontos turísticos.
Como montar um roteiro básico em São Luís, Maranhão?;Comece pelos principais pontos, como Centro Histórico, Casa do Maranhão e espaços de cultura popular, e depois inclua experiências de azulejos, bumba meu boi e cultura maranhense. Deixe um horário livre para provar arroz de cuxá, torta de camarão e juçara e caminhar por áreas centrais ou turísticas.
O que torna São Luís, Maranhão interessante para turistas?;São Luís, Maranhão se destaca pela combinação de azulejos, bumba meu boi e cultura maranhense, além de atrações como Centro Histórico, Casa do Maranhão e espaços de cultura popular. A gastronomia local, com arroz de cuxá, torta de camarão e juçara, também ajuda a tornar a visita mais completa.
Que experiências culturais posso ter em São Luís, Maranhão?;Em São Luís, Maranhão, você pode conhecer mercados, museus, centros históricos e manifestações locais. Visitar Centro Histórico, Casa do Maranhão e espaços de cultura popular é uma boa forma de começar e complementar o passeio com a gastronomia regional.
O que posso fazer em Barreirinhas, Maranhão em uma viagem de dois dias?;Em dois dias em Barreirinhas, Maranhão, uma boa estratégia é combinar acesso aos Lençóis Maranhenses e passeios pelo Rio Preguiças. Reserve também um período para conhecer dunas, lagoas e manguezais e experimentar peixes e culinária maranhense.
Quais atrações valem a pena conhecer em Barreirinhas, Maranhão?;Entre os destaques de Barreirinhas, Maranhão estão acesso aos Lençóis Maranhenses e passeios pelo Rio Preguiças. O destino também se destaca por dunas, lagoas e manguezais.
O que comer durante uma viagem a Barreirinhas, Maranhão?;Em Barreirinhas, Maranhão, vale experimentar peixes e culinária maranhense. Procure restaurantes e mercados locais para conhecer melhor os sabores da região.
Vale a pena visitar Barreirinhas, Maranhão com a família?;Sim. Barreirinhas, Maranhão pode oferecer boas experiências em família, especialmente com passeios por acesso aos Lençóis Maranhenses e passeios pelo Rio Preguiças. Escolha atividades adequadas à idade do grupo e planeje os deslocamentos com antecedência.
Que tipo de turismo é mais comum em Barreirinhas, Maranhão?;Barreirinhas, Maranhão combina diferentes experiências, com destaque para dunas, lagoas e manguezais. Também há opções ligadas à cultura local, à gastronomia e aos principais pontos turísticos.
Como montar um roteiro básico em Barreirinhas, Maranhão?;Comece pelos principais pontos, como acesso aos Lençóis Maranhenses e passeios pelo Rio Preguiças, e depois inclua experiências de dunas, lagoas e manguezais. Deixe um horário livre para provar peixes e culinária maranhense e caminhar por áreas centrais ou turísticas.
O que torna Barreirinhas, Maranhão interessante para turistas?;Barreirinhas, Maranhão se destaca pela combinação de dunas, lagoas e manguezais, além de atrações como acesso aos Lençóis Maranhenses e passeios pelo Rio Preguiças. A gastronomia local, com peixes e culinária maranhense, também ajuda a tornar a visita mais completa.
Que experiências culturais posso ter em Barreirinhas, Maranhão?;Em Barreirinhas, Maranhão, você pode conhecer mercados, museus, centros históricos e manifestações locais. Visitar acesso aos Lençóis Maranhenses e passeios pelo Rio Preguiças é uma boa forma de começar e complementar o passeio com a gastronomia regional.
O que posso fazer em Teresina, Piauí em uma viagem de dois dias?;Em dois dias em Teresina, Piauí, uma boa estratégia é combinar Encontro dos Rios, museus e parques urbanos. Reserve também um período para conhecer rios, cultura piauiense e gastronomia e experimentar maria-isabel, paçoca de carne de sol e cajuína.
Quais atrações valem a pena conhecer em Teresina, Piauí?;Entre os destaques de Teresina, Piauí estão Encontro dos Rios, museus e parques urbanos. O destino também se destaca por rios, cultura piauiense e gastronomia.
O que comer durante uma viagem a Teresina, Piauí?;Em Teresina, Piauí, vale experimentar maria-isabel, paçoca de carne de sol e cajuína. Procure restaurantes e mercados locais para conhecer melhor os sabores da região.
Vale a pena visitar Teresina, Piauí com a família?;Sim. Teresina, Piauí pode oferecer boas experiências em família, especialmente com passeios por Encontro dos Rios, museus e parques urbanos. Escolha atividades adequadas à idade do grupo e planeje os deslocamentos com antecedência.
Que tipo de turismo é mais comum em Teresina, Piauí?;Teresina, Piauí combina diferentes experiências, com destaque para rios, cultura piauiense e gastronomia. Também há opções ligadas à cultura local, à gastronomia e aos principais pontos turísticos.
Como montar um roteiro básico em Teresina, Piauí?;Comece pelos principais pontos, como Encontro dos Rios, museus e parques urbanos, e depois inclua experiências de rios, cultura piauiense e gastronomia. Deixe um horário livre para provar maria-isabel, paçoca de carne de sol e cajuína e caminhar por áreas centrais ou turísticas.
O que torna Teresina, Piauí interessante para turistas?;Teresina, Piauí se destaca pela combinação de rios, cultura piauiense e gastronomia, além de atrações como Encontro dos Rios, museus e parques urbanos. A gastronomia local, com maria-isabel, paçoca de carne de sol e cajuína, também ajuda a tornar a visita mais completa.
Que experiências culturais posso ter em Teresina, Piauí?;Em Teresina, Piauí, você pode conhecer mercados, museus, centros históricos e manifestações locais. Visitar Encontro dos Rios, museus e parques urbanos é uma boa forma de começar e complementar o passeio com a gastronomia regional.
O que posso fazer em Parnaíba, Piauí em uma viagem de dois dias?;Em dois dias em Parnaíba, Piauí, uma boa estratégia é combinar Delta do Parnaíba, Porto das Barcas e praias próximas. Reserve também um período para conhecer delta, dunas, manguezais e vida silvestre e experimentar caranguejo, peixes e frutos do mar.
Quais atrações valem a pena conhecer em Parnaíba, Piauí?;Entre os destaques de Parnaíba, Piauí estão Delta do Parnaíba, Porto das Barcas e praias próximas. O destino também se destaca por delta, dunas, manguezais e vida silvestre.
O que comer durante uma viagem a Parnaíba, Piauí?;Em Parnaíba, Piauí, vale experimentar caranguejo, peixes e frutos do mar. Procure restaurantes e mercados locais para conhecer melhor os sabores da região.
Vale a pena visitar Parnaíba, Piauí com a família?;Sim. Parnaíba, Piauí pode oferecer boas experiências em família, especialmente com passeios por Delta do Parnaíba, Porto das Barcas e praias próximas. Escolha atividades adequadas à idade do grupo e planeje os deslocamentos com antecedência.
Que tipo de turismo é mais comum em Parnaíba, Piauí?;Parnaíba, Piauí combina diferentes experiências, com destaque para delta, dunas, manguezais e vida silvestre. Também há opções ligadas à cultura local, à gastronomia e aos principais pontos turísticos.
Como montar um roteiro básico em Parnaíba, Piauí?;Comece pelos principais pontos, como Delta do Parnaíba, Porto das Barcas e praias próximas, e depois inclua experiências de delta, dunas, manguezais e vida silvestre. Deixe um horário livre para provar caranguejo, peixes e frutos do mar e caminhar por áreas centrais ou turísticas.
O que torna Parnaíba, Piauí interessante para turistas?;Parnaíba, Piauí se destaca pela combinação de delta, dunas, manguezais e vida silvestre, além de atrações como Delta do Parnaíba, Porto das Barcas e praias próximas. A gastronomia local, com caranguejo, peixes e frutos do mar, também ajuda a tornar a visita mais completa.
Que experiências culturais posso ter em Parnaíba, Piauí?;Em Parnaíba, Piauí, você pode conhecer mercados, museus, centros históricos e manifestações locais. Visitar Delta do Parnaíba, Porto das Barcas e praias próximas é uma boa forma de começar e complementar o passeio com a gastronomia regional.
O que posso fazer em Brasília, Distrito Federal em uma viagem de dois dias?;Em dois dias em Brasília, Distrito Federal, uma boa estratégia é combinar Congresso Nacional, Catedral, Praça dos Três Poderes e Memorial JK. Reserve também um período para conhecer arquitetura modernista, urbanismo e espaços cívicos e experimentar culinária diversa de várias regiões do país.
Quais atrações valem a pena conhecer em Brasília, Distrito Federal?;Entre os destaques de Brasília, Distrito Federal estão Congresso Nacional, Catedral, Praça dos Três Poderes e Memorial JK. O destino também se destaca por arquitetura modernista, urbanismo e espaços cívicos.
O que comer durante uma viagem a Brasília, Distrito Federal?;Em Brasília, Distrito Federal, vale experimentar culinária diversa de várias regiões do país. Procure restaurantes e mercados locais para conhecer melhor os sabores da região.
Vale a pena visitar Brasília, Distrito Federal com a família?;Sim. Brasília, Distrito Federal pode oferecer boas experiências em família, especialmente com passeios por Congresso Nacional, Catedral, Praça dos Três Poderes e Memorial JK. Escolha atividades adequadas à idade do grupo e planeje os deslocamentos com antecedência.
Que tipo de turismo é mais comum em Brasília, Distrito Federal?;Brasília, Distrito Federal combina diferentes experiências, com destaque para arquitetura modernista, urbanismo e espaços cívicos. Também há opções ligadas à cultura local, à gastronomia e aos principais pontos turísticos.
Como montar um roteiro básico em Brasília, Distrito Federal?;Comece pelos principais pontos, como Congresso Nacional, Catedral, Praça dos Três Poderes e Memorial JK, e depois inclua experiências de arquitetura modernista, urbanismo e espaços cívicos. Deixe um horário livre para provar culinária diversa de várias regiões do país e caminhar por áreas centrais ou turísticas.
O que torna Brasília, Distrito Federal interessante para turistas?;Brasília, Distrito Federal se destaca pela combinação de arquitetura modernista, urbanismo e espaços cívicos, além de atrações como Congresso Nacional, Catedral, Praça dos Três Poderes e Memorial JK. A gastronomia local, com culinária diversa de várias regiões do país, também ajuda a tornar a visita mais completa.
Que experiências culturais posso ter em Brasília, Distrito Federal?;Em Brasília, Distrito Federal, você pode conhecer mercados, museus, centros históricos e manifestações locais. Visitar Congresso Nacional, Catedral, Praça dos Três Poderes e Memorial JK é uma boa forma de começar e complementar o passeio com a gastronomia regional.
O que posso fazer em Goiânia, Goiás em uma viagem de dois dias?;Em dois dias em Goiânia, Goiás, uma boa estratégia é combinar Parque Vaca Brava, Praça Cívica e mercados. Reserve também um período para conhecer parques urbanos, cultura e gastronomia goiana e experimentar empadão goiano, pamonha e pequi.
Quais atrações valem a pena conhecer em Goiânia, Goiás?;Entre os destaques de Goiânia, Goiás estão Parque Vaca Brava, Praça Cívica e mercados. O destino também se destaca por parques urbanos, cultura e gastronomia goiana.
O que comer durante uma viagem a Goiânia, Goiás?;Em Goiânia, Goiás, vale experimentar empadão goiano, pamonha e pequi. Procure restaurantes e mercados locais para conhecer melhor os sabores da região.
Vale a pena visitar Goiânia, Goiás com a família?;Sim. Goiânia, Goiás pode oferecer boas experiências em família, especialmente com passeios por Parque Vaca Brava, Praça Cívica e mercados. Escolha atividades adequadas à idade do grupo e planeje os deslocamentos com antecedência.
Que tipo de turismo é mais comum em Goiânia, Goiás?;Goiânia, Goiás combina diferentes experiências, com destaque para parques urbanos, cultura e gastronomia goiana. Também há opções ligadas à cultura local, à gastronomia e aos principais pontos turísticos.
Como montar um roteiro básico em Goiânia, Goiás?;Comece pelos principais pontos, como Parque Vaca Brava, Praça Cívica e mercados, e depois inclua experiências de parques urbanos, cultura e gastronomia goiana. Deixe um horário livre para provar empadão goiano, pamonha e pequi e caminhar por áreas centrais ou turísticas.
O que torna Goiânia, Goiás interessante para turistas?;Goiânia, Goiás se destaca pela combinação de parques urbanos, cultura e gastronomia goiana, além de atrações como Parque Vaca Brava, Praça Cívica e mercados. A gastronomia local, com empadão goiano, pamonha e pequi, também ajuda a tornar a visita mais completa.
Que experiências culturais posso ter em Goiânia, Goiás?;Em Goiânia, Goiás, você pode conhecer mercados, museus, centros históricos e manifestações locais. Visitar Parque Vaca Brava, Praça Cívica e mercados é uma boa forma de começar e complementar o passeio com a gastronomia regional.
O que posso fazer em Pirenópolis, Goiás em uma viagem de dois dias?;Em dois dias em Pirenópolis, Goiás, uma boa estratégia é combinar Centro Histórico, igrejas e cachoeiras próximas. Reserve também um período para conhecer casario colonial, cachoeiras e festas tradicionais e experimentar empadão goiano, doces e pratos com pequi.
Quais atrações valem a pena conhecer em Pirenópolis, Goiás?;Entre os destaques de Pirenópolis, Goiás estão Centro Histórico, igrejas e cachoeiras próximas. O destino também se destaca por casario colonial, cachoeiras e festas tradicionais.
O que comer durante uma viagem a Pirenópolis, Goiás?;Em Pirenópolis, Goiás, vale experimentar empadão goiano, doces e pratos com pequi. Procure restaurantes e mercados locais para conhecer melhor os sabores da região.
Vale a pena visitar Pirenópolis, Goiás com a família?;Sim. Pirenópolis, Goiás pode oferecer boas experiências em família, especialmente com passeios por Centro Histórico, igrejas e cachoeiras próximas. Escolha atividades adequadas à idade do grupo e planeje os deslocamentos com antecedência.
Que tipo de turismo é mais comum em Pirenópolis, Goiás?;Pirenópolis, Goiás combina diferentes experiências, com destaque para casario colonial, cachoeiras e festas tradicionais. Também há opções ligadas à cultura local, à gastronomia e aos principais pontos turísticos.
Como montar um roteiro básico em Pirenópolis, Goiás?;Comece pelos principais pontos, como Centro Histórico, igrejas e cachoeiras próximas, e depois inclua experiências de casario colonial, cachoeiras e festas tradicionais. Deixe um horário livre para provar empadão goiano, doces e pratos com pequi e caminhar por áreas centrais ou turísticas.
O que torna Pirenópolis, Goiás interessante para turistas?;Pirenópolis, Goiás se destaca pela combinação de casario colonial, cachoeiras e festas tradicionais, além de atrações como Centro Histórico, igrejas e cachoeiras próximas. A gastronomia local, com empadão goiano, doces e pratos com pequi, também ajuda a tornar a visita mais completa.
Que experiências culturais posso ter em Pirenópolis, Goiás?;Em Pirenópolis, Goiás, você pode conhecer mercados, museus, centros históricos e manifestações locais. Visitar Centro Histórico, igrejas e cachoeiras próximas é uma boa forma de começar e complementar o passeio com a gastronomia regional.
O que posso fazer em Chapada dos Veadeiros, Goiás em uma viagem de dois dias?;Em dois dias em Chapada dos Veadeiros, Goiás, uma boa estratégia é combinar trilhas, Vale da Lua e diversas cachoeiras. Reserve também um período para conhecer cerrado, cânions, cachoeiras e trilhas e experimentar comida goiana e produtos do Cerrado.
Quais atrações valem a pena conhecer em Chapada dos Veadeiros, Goiás?;Entre os destaques de Chapada dos Veadeiros, Goiás estão trilhas, Vale da Lua e diversas cachoeiras. O destino também se destaca por cerrado, cânions, cachoeiras e trilhas.
O que comer durante uma viagem a Chapada dos Veadeiros, Goiás?;Em Chapada dos Veadeiros, Goiás, vale experimentar comida goiana e produtos do Cerrado. Procure restaurantes e mercados locais para conhecer melhor os sabores da região.
Vale a pena visitar Chapada dos Veadeiros, Goiás com a família?;Sim. Chapada dos Veadeiros, Goiás pode oferecer boas experiências em família, especialmente com passeios por trilhas, Vale da Lua e diversas cachoeiras. Escolha atividades adequadas à idade do grupo e planeje os deslocamentos com antecedência.
Que tipo de turismo é mais comum em Chapada dos Veadeiros, Goiás?;Chapada dos Veadeiros, Goiás combina diferentes experiências, com destaque para cerrado, cânions, cachoeiras e trilhas. Também há opções ligadas à cultura local, à gastronomia e aos principais pontos turísticos.
Como montar um roteiro básico em Chapada dos Veadeiros, Goiás?;Comece pelos principais pontos, como trilhas, Vale da Lua e diversas cachoeiras, e depois inclua experiências de cerrado, cânions, cachoeiras e trilhas. Deixe um horário livre para provar comida goiana e produtos do Cerrado e caminhar por áreas centrais ou turísticas.
O que torna Chapada dos Veadeiros, Goiás interessante para turistas?;Chapada dos Veadeiros, Goiás se destaca pela combinação de cerrado, cânions, cachoeiras e trilhas, além de atrações como trilhas, Vale da Lua e diversas cachoeiras. A gastronomia local, com comida goiana e produtos do Cerrado, também ajuda a tornar a visita mais completa.
Que experiências culturais posso ter em Chapada dos Veadeiros, Goiás?;Em Chapada dos Veadeiros, Goiás, você pode conhecer mercados, museus, centros históricos e manifestações locais. Visitar trilhas, Vale da Lua e diversas cachoeiras é uma boa forma de começar e complementar o passeio com a gastronomia regional.
O que posso fazer em Cuiabá, Mato Grosso em uma viagem de dois dias?;Em dois dias em Cuiabá, Mato Grosso, uma boa estratégia é combinar Centro Histórico, Museu do Morro da Caixa D’Água Velha e mercados. Reserve também um período para conhecer cultura cuiabana e porta de entrada para o Pantanal e experimentar mojica de pintado, pacu e farofa de banana.
Quais atrações valem a pena conhecer em Cuiabá, Mato Grosso?;Entre os destaques de Cuiabá, Mato Grosso estão Centro Histórico, Museu do Morro da Caixa D’Água Velha e mercados. O destino também se destaca por cultura cuiabana e porta de entrada para o Pantanal.
O que comer durante uma viagem a Cuiabá, Mato Grosso?;Em Cuiabá, Mato Grosso, vale experimentar mojica de pintado, pacu e farofa de banana. Procure restaurantes e mercados locais para conhecer melhor os sabores da região.
Vale a pena visitar Cuiabá, Mato Grosso com a família?;Sim. Cuiabá, Mato Grosso pode oferecer boas experiências em família, especialmente com passeios por Centro Histórico, Museu do Morro da Caixa D’Água Velha e mercados. Escolha atividades adequadas à idade do grupo e planeje os deslocamentos com antecedência.
Que tipo de turismo é mais comum em Cuiabá, Mato Grosso?;Cuiabá, Mato Grosso combina diferentes experiências, com destaque para cultura cuiabana e porta de entrada para o Pantanal. Também há opções ligadas à cultura local, à gastronomia e aos principais pontos turísticos.
Como montar um roteiro básico em Cuiabá, Mato Grosso?;Comece pelos principais pontos, como Centro Histórico, Museu do Morro da Caixa D’Água Velha e mercados, e depois inclua experiências de cultura cuiabana e porta de entrada para o Pantanal. Deixe um horário livre para provar mojica de pintado, pacu e farofa de banana e caminhar por áreas centrais ou turísticas.
O que torna Cuiabá, Mato Grosso interessante para turistas?;Cuiabá, Mato Grosso se destaca pela combinação de cultura cuiabana e porta de entrada para o Pantanal, além de atrações como Centro Histórico, Museu do Morro da Caixa D’Água Velha e mercados. A gastronomia local, com mojica de pintado, pacu e farofa de banana, também ajuda a tornar a visita mais completa.
Que experiências culturais posso ter em Cuiabá, Mato Grosso?;Em Cuiabá, Mato Grosso, você pode conhecer mercados, museus, centros históricos e manifestações locais. Visitar Centro Histórico, Museu do Morro da Caixa D’Água Velha e mercados é uma boa forma de começar e complementar o passeio com a gastronomia regional.
O que posso fazer em Chapada dos Guimarães, Mato Grosso em uma viagem de dois dias?;Em dois dias em Chapada dos Guimarães, Mato Grosso, uma boa estratégia é combinar Cachoeira Véu de Noiva, mirantes e trilhas. Reserve também um período para conhecer paredões, cerrado, cachoeiras e trilhas e experimentar culinária mato-grossense e peixes de rio.
Quais atrações valem a pena conhecer em Chapada dos Guimarães, Mato Grosso?;Entre os destaques de Chapada dos Guimarães, Mato Grosso estão Cachoeira Véu de Noiva, mirantes e trilhas. O destino também se destaca por paredões, cerrado, cachoeiras e trilhas.
O que comer durante uma viagem a Chapada dos Guimarães, Mato Grosso?;Em Chapada dos Guimarães, Mato Grosso, vale experimentar culinária mato-grossense e peixes de rio. Procure restaurantes e mercados locais para conhecer melhor os sabores da região.
Vale a pena visitar Chapada dos Guimarães, Mato Grosso com a família?;Sim. Chapada dos Guimarães, Mato Grosso pode oferecer boas experiências em família, especialmente com passeios por Cachoeira Véu de Noiva, mirantes e trilhas. Escolha atividades adequadas à idade do grupo e planeje os deslocamentos com antecedência.
Que tipo de turismo é mais comum em Chapada dos Guimarães, Mato Grosso?;Chapada dos Guimarães, Mato Grosso combina diferentes experiências, com destaque para paredões, cerrado, cachoeiras e trilhas. Também há opções ligadas à cultura local, à gastronomia e aos principais pontos turísticos.
Como montar um roteiro básico em Chapada dos Guimarães, Mato Grosso?;Comece pelos principais pontos, como Cachoeira Véu de Noiva, mirantes e trilhas, e depois inclua experiências de paredões, cerrado, cachoeiras e trilhas. Deixe um horário livre para provar culinária mato-grossense e peixes de rio e caminhar por áreas centrais ou turísticas.
O que torna Chapada dos Guimarães, Mato Grosso interessante para turistas?;Chapada dos Guimarães, Mato Grosso se destaca pela combinação de paredões, cerrado, cachoeiras e trilhas, além de atrações como Cachoeira Véu de Noiva, mirantes e trilhas. A gastronomia local, com culinária mato-grossense e peixes de rio, também ajuda a tornar a visita mais completa.
Que experiências culturais posso ter em Chapada dos Guimarães, Mato Grosso?;Em Chapada dos Guimarães, Mato Grosso, você pode conhecer mercados, museus, centros históricos e manifestações locais. Visitar Cachoeira Véu de Noiva, mirantes e trilhas é uma boa forma de começar e complementar o passeio com a gastronomia regional.
O que posso fazer em Campo Grande, Mato Grosso do Sul em uma viagem de dois dias?;Em dois dias em Campo Grande, Mato Grosso do Sul, uma boa estratégia é combinar Parque das Nações Indígenas, mercados e museus. Reserve também um período para conhecer cultura sul-mato-grossense e acesso ao Pantanal e experimentar sobá, tereré e pratos com peixes.
Quais atrações valem a pena conhecer em Campo Grande, Mato Grosso do Sul?;Entre os destaques de Campo Grande, Mato Grosso do Sul estão Parque das Nações Indígenas, mercados e museus. O destino também se destaca por cultura sul-mato-grossense e acesso ao Pantanal.
O que comer durante uma viagem a Campo Grande, Mato Grosso do Sul?;Em Campo Grande, Mato Grosso do Sul, vale experimentar sobá, tereré e pratos com peixes. Procure restaurantes e mercados locais para conhecer melhor os sabores da região.
Vale a pena visitar Campo Grande, Mato Grosso do Sul com a família?;Sim. Campo Grande, Mato Grosso do Sul pode oferecer boas experiências em família, especialmente com passeios por Parque das Nações Indígenas, mercados e museus. Escolha atividades adequadas à idade do grupo e planeje os deslocamentos com antecedência.
Que tipo de turismo é mais comum em Campo Grande, Mato Grosso do Sul?;Campo Grande, Mato Grosso do Sul combina diferentes experiências, com destaque para cultura sul-mato-grossense e acesso ao Pantanal. Também há opções ligadas à cultura local, à gastronomia e aos principais pontos turísticos.
Como montar um roteiro básico em Campo Grande, Mato Grosso do Sul?;Comece pelos principais pontos, como Parque das Nações Indígenas, mercados e museus, e depois inclua experiências de cultura sul-mato-grossense e acesso ao Pantanal. Deixe um horário livre para provar sobá, tereré e pratos com peixes e caminhar por áreas centrais ou turísticas.
O que torna Campo Grande, Mato Grosso do Sul interessante para turistas?;Campo Grande, Mato Grosso do Sul se destaca pela combinação de cultura sul-mato-grossense e acesso ao Pantanal, além de atrações como Parque das Nações Indígenas, mercados e museus. A gastronomia local, com sobá, tereré e pratos com peixes, também ajuda a tornar a visita mais completa.
Que experiências culturais posso ter em Campo Grande, Mato Grosso do Sul?;Em Campo Grande, Mato Grosso do Sul, você pode conhecer mercados, museus, centros históricos e manifestações locais. Visitar Parque das Nações Indígenas, mercados e museus é uma boa forma de começar e complementar o passeio com a gastronomia regional.
O que posso fazer em Bonito, Mato Grosso do Sul em uma viagem de dois dias?;Em dois dias em Bonito, Mato Grosso do Sul, uma boa estratégia é combinar Gruta do Lago Azul, rios de águas transparentes e balneários. Reserve também um período para conhecer flutuação, cavernas, rios e ecoturismo e experimentar peixes de rio e culinária regional.
Quais atrações valem a pena conhecer em Bonito, Mato Grosso do Sul?;Entre os destaques de Bonito, Mato Grosso do Sul estão Gruta do Lago Azul, rios de águas transparentes e balneários. O destino também se destaca por flutuação, cavernas, rios e ecoturismo.
O que comer durante uma viagem a Bonito, Mato Grosso do Sul?;Em Bonito, Mato Grosso do Sul, vale experimentar peixes de rio e culinária regional. Procure restaurantes e mercados locais para conhecer melhor os sabores da região.
Vale a pena visitar Bonito, Mato Grosso do Sul com a família?;Sim. Bonito, Mato Grosso do Sul pode oferecer boas experiências em família, especialmente com passeios por Gruta do Lago Azul, rios de águas transparentes e balneários. Escolha atividades adequadas à idade do grupo e planeje os deslocamentos com antecedência.
Que tipo de turismo é mais comum em Bonito, Mato Grosso do Sul?;Bonito, Mato Grosso do Sul combina diferentes experiências, com destaque para flutuação, cavernas, rios e ecoturismo. Também há opções ligadas à cultura local, à gastronomia e aos principais pontos turísticos.
Como montar um roteiro básico em Bonito, Mato Grosso do Sul?;Comece pelos principais pontos, como Gruta do Lago Azul, rios de águas transparentes e balneários, e depois inclua experiências de flutuação, cavernas, rios e ecoturismo. Deixe um horário livre para provar peixes de rio e culinária regional e caminhar por áreas centrais ou turísticas.
O que torna Bonito, Mato Grosso do Sul interessante para turistas?;Bonito, Mato Grosso do Sul se destaca pela combinação de flutuação, cavernas, rios e ecoturismo, além de atrações como Gruta do Lago Azul, rios de águas transparentes e balneários. A gastronomia local, com peixes de rio e culinária regional, também ajuda a tornar a visita mais completa.
Que experiências culturais posso ter em Bonito, Mato Grosso do Sul?;Em Bonito, Mato Grosso do Sul, você pode conhecer mercados, museus, centros históricos e manifestações locais. Visitar Gruta do Lago Azul, rios de águas transparentes e balneários é uma boa forma de começar e complementar o passeio com a gastronomia regional.
O que posso fazer em Corumbá, Mato Grosso do Sul em uma viagem de dois dias?;Em dois dias em Corumbá, Mato Grosso do Sul, uma boa estratégia é combinar casario histórico, porto e acesso ao Pantanal. Reserve também um período para conhecer rios, fauna pantaneira e cultura regional e experimentar peixes do Pantanal e culinária fronteiriça.
Quais atrações valem a pena conhecer em Corumbá, Mato Grosso do Sul?;Entre os destaques de Corumbá, Mato Grosso do Sul estão casario histórico, porto e acesso ao Pantanal. O destino também se destaca por rios, fauna pantaneira e cultura regional.
O que comer durante uma viagem a Corumbá, Mato Grosso do Sul?;Em Corumbá, Mato Grosso do Sul, vale experimentar peixes do Pantanal e culinária fronteiriça. Procure restaurantes e mercados locais para conhecer melhor os sabores da região.
Vale a pena visitar Corumbá, Mato Grosso do Sul com a família?;Sim. Corumbá, Mato Grosso do Sul pode oferecer boas experiências em família, especialmente com passeios por casario histórico, porto e acesso ao Pantanal. Escolha atividades adequadas à idade do grupo e planeje os deslocamentos com antecedência.
Que tipo de turismo é mais comum em Corumbá, Mato Grosso do Sul?;Corumbá, Mato Grosso do Sul combina diferentes experiências, com destaque para rios, fauna pantaneira e cultura regional. Também há opções ligadas à cultura local, à gastronomia e aos principais pontos turísticos.
Como montar um roteiro básico em Corumbá, Mato Grosso do Sul?;Comece pelos principais pontos, como casario histórico, porto e acesso ao Pantanal, e depois inclua experiências de rios, fauna pantaneira e cultura regional. Deixe um horário livre para provar peixes do Pantanal e culinária fronteiriça e caminhar por áreas centrais ou turísticas.
O que torna Corumbá, Mato Grosso do Sul interessante para turistas?;Corumbá, Mato Grosso do Sul se destaca pela combinação de rios, fauna pantaneira e cultura regional, além de atrações como casario histórico, porto e acesso ao Pantanal. A gastronomia local, com peixes do Pantanal e culinária fronteiriça, também ajuda a tornar a visita mais completa.
Que experiências culturais posso ter em Corumbá, Mato Grosso do Sul?;Em Corumbá, Mato Grosso do Sul, você pode conhecer mercados, museus, centros históricos e manifestações locais. Visitar casario histórico, porto e acesso ao Pantanal é uma boa forma de começar e complementar o passeio com a gastronomia regional.
O que posso fazer em Belo Horizonte, Minas Gerais em uma viagem de dois dias?;Em dois dias em Belo Horizonte, Minas Gerais, uma boa estratégia é combinar Praça da Liberdade, Pampulha e Mercado Central. Reserve também um período para conhecer arquitetura, cultura e gastronomia mineira e experimentar pão de queijo, feijão tropeiro e doce de leite.
Quais atrações valem a pena conhecer em Belo Horizonte, Minas Gerais?;Entre os destaques de Belo Horizonte, Minas Gerais estão Praça da Liberdade, Pampulha e Mercado Central. O destino também se destaca por arquitetura, cultura e gastronomia mineira.
O que comer durante uma viagem a Belo Horizonte, Minas Gerais?;Em Belo Horizonte, Minas Gerais, vale experimentar pão de queijo, feijão tropeiro e doce de leite. Procure restaurantes e mercados locais para conhecer melhor os sabores da região.
Vale a pena visitar Belo Horizonte, Minas Gerais com a família?;Sim. Belo Horizonte, Minas Gerais pode oferecer boas experiências em família, especialmente com passeios por Praça da Liberdade, Pampulha e Mercado Central. Escolha atividades adequadas à idade do grupo e planeje os deslocamentos com antecedência.
Que tipo de turismo é mais comum em Belo Horizonte, Minas Gerais?;Belo Horizonte, Minas Gerais combina diferentes experiências, com destaque para arquitetura, cultura e gastronomia mineira. Também há opções ligadas à cultura local, à gastronomia e aos principais pontos turísticos.
Como montar um roteiro básico em Belo Horizonte, Minas Gerais?;Comece pelos principais pontos, como Praça da Liberdade, Pampulha e Mercado Central, e depois inclua experiências de arquitetura, cultura e gastronomia mineira. Deixe um horário livre para provar pão de queijo, feijão tropeiro e doce de leite e caminhar por áreas centrais ou turísticas.
O que torna Belo Horizonte, Minas Gerais interessante para turistas?;Belo Horizonte, Minas Gerais se destaca pela combinação de arquitetura, cultura e gastronomia mineira, além de atrações como Praça da Liberdade, Pampulha e Mercado Central. A gastronomia local, com pão de queijo, feijão tropeiro e doce de leite, também ajuda a tornar a visita mais completa.
Que experiências culturais posso ter em Belo Horizonte, Minas Gerais?;Em Belo Horizonte, Minas Gerais, você pode conhecer mercados, museus, centros históricos e manifestações locais. Visitar Praça da Liberdade, Pampulha e Mercado Central é uma boa forma de começar e complementar o passeio com a gastronomia regional.
O que posso fazer em Ouro Preto, Minas Gerais em uma viagem de dois dias?;Em dois dias em Ouro Preto, Minas Gerais, uma boa estratégia é combinar Museu da Inconfidência, igrejas barrocas e casario colonial. Reserve também um período para conhecer história colonial, arte barroca e ladeiras e experimentar comida mineira, doces e quitandas.
Quais atrações valem a pena conhecer em Ouro Preto, Minas Gerais?;Entre os destaques de Ouro Preto, Minas Gerais estão Museu da Inconfidência, igrejas barrocas e casario colonial. O destino também se destaca por história colonial, arte barroca e ladeiras.
O que comer durante uma viagem a Ouro Preto, Minas Gerais?;Em Ouro Preto, Minas Gerais, vale experimentar comida mineira, doces e quitandas. Procure restaurantes e mercados locais para conhecer melhor os sabores da região.
Vale a pena visitar Ouro Preto, Minas Gerais com a família?;Sim. Ouro Preto, Minas Gerais pode oferecer boas experiências em família, especialmente com passeios por Museu da Inconfidência, igrejas barrocas e casario colonial. Escolha atividades adequadas à idade do grupo e planeje os deslocamentos com antecedência.
Que tipo de turismo é mais comum em Ouro Preto, Minas Gerais?;Ouro Preto, Minas Gerais combina diferentes experiências, com destaque para história colonial, arte barroca e ladeiras. Também há opções ligadas à cultura local, à gastronomia e aos principais pontos turísticos.
Como montar um roteiro básico em Ouro Preto, Minas Gerais?;Comece pelos principais pontos, como Museu da Inconfidência, igrejas barrocas e casario colonial, e depois inclua experiências de história colonial, arte barroca e ladeiras. Deixe um horário livre para provar comida mineira, doces e quitandas e caminhar por áreas centrais ou turísticas.
O que torna Ouro Preto, Minas Gerais interessante para turistas?;Ouro Preto, Minas Gerais se destaca pela combinação de história colonial, arte barroca e ladeiras, além de atrações como Museu da Inconfidência, igrejas barrocas e casario colonial. A gastronomia local, com comida mineira, doces e quitandas, também ajuda a tornar a visita mais completa.
Que experiências culturais posso ter em Ouro Preto, Minas Gerais?;Em Ouro Preto, Minas Gerais, você pode conhecer mercados, museus, centros históricos e manifestações locais. Visitar Museu da Inconfidência, igrejas barrocas e casario colonial é uma boa forma de começar e complementar o passeio com a gastronomia regional.
O que posso fazer em Tiradentes, Minas Gerais em uma viagem de dois dias?;Em dois dias em Tiradentes, Minas Gerais, uma boa estratégia é combinar Matriz de Santo Antônio, centro histórico e passeio de Maria Fumaça. Reserve também um período para conhecer casario colonial, história e serras e experimentar comida mineira e gastronomia contemporânea.
Quais atrações valem a pena conhecer em Tiradentes, Minas Gerais?;Entre os destaques de Tiradentes, Minas Gerais estão Matriz de Santo Antônio, centro histórico e passeio de Maria Fumaça. O destino também se destaca por casario colonial, história e serras.
O que comer durante uma viagem a Tiradentes, Minas Gerais?;Em Tiradentes, Minas Gerais, vale experimentar comida mineira e gastronomia contemporânea. Procure restaurantes e mercados locais para conhecer melhor os sabores da região.
Vale a pena visitar Tiradentes, Minas Gerais com a família?;Sim. Tiradentes, Minas Gerais pode oferecer boas experiências em família, especialmente com passeios por Matriz de Santo Antônio, centro histórico e passeio de Maria Fumaça. Escolha atividades adequadas à idade do grupo e planeje os deslocamentos com antecedência.
Que tipo de turismo é mais comum em Tiradentes, Minas Gerais?;Tiradentes, Minas Gerais combina diferentes experiências, com destaque para casario colonial, história e serras. Também há opções ligadas à cultura local, à gastronomia e aos principais pontos turísticos.
Como montar um roteiro básico em Tiradentes, Minas Gerais?;Comece pelos principais pontos, como Matriz de Santo Antônio, centro histórico e passeio de Maria Fumaça, e depois inclua experiências de casario colonial, história e serras. Deixe um horário livre para provar comida mineira e gastronomia contemporânea e caminhar por áreas centrais ou turísticas.
O que torna Tiradentes, Minas Gerais interessante para turistas?;Tiradentes, Minas Gerais se destaca pela combinação de casario colonial, história e serras, além de atrações como Matriz de Santo Antônio, centro histórico e passeio de Maria Fumaça. A gastronomia local, com comida mineira e gastronomia contemporânea, também ajuda a tornar a visita mais completa.
Que experiências culturais posso ter em Tiradentes, Minas Gerais?;Em Tiradentes, Minas Gerais, você pode conhecer mercados, museus, centros históricos e manifestações locais. Visitar Matriz de Santo Antônio, centro histórico e passeio de Maria Fumaça é uma boa forma de começar e complementar o passeio com a gastronomia regional.
O que posso fazer em Diamantina, Minas Gerais em uma viagem de dois dias?;Em dois dias em Diamantina, Minas Gerais, uma boa estratégia é combinar Centro Histórico, Casa de Juscelino e Mercado Velho. Reserve também um período para conhecer história, arquitetura colonial e tradição musical e experimentar comida mineira e quitandas.
Quais atrações valem a pena conhecer em Diamantina, Minas Gerais?;Entre os destaques de Diamantina, Minas Gerais estão Centro Histórico, Casa de Juscelino e Mercado Velho. O destino também se destaca por história, arquitetura colonial e tradição musical.
O que comer durante uma viagem a Diamantina, Minas Gerais?;Em Diamantina, Minas Gerais, vale experimentar comida mineira e quitandas. Procure restaurantes e mercados locais para conhecer melhor os sabores da região.
Vale a pena visitar Diamantina, Minas Gerais com a família?;Sim. Diamantina, Minas Gerais pode oferecer boas experiências em família, especialmente com passeios por Centro Histórico, Casa de Juscelino e Mercado Velho. Escolha atividades adequadas à idade do grupo e planeje os deslocamentos com antecedência.
Que tipo de turismo é mais comum em Diamantina, Minas Gerais?;Diamantina, Minas Gerais combina diferentes experiências, com destaque para história, arquitetura colonial e tradição musical. Também há opções ligadas à cultura local, à gastronomia e aos principais pontos turísticos.
Como montar um roteiro básico em Diamantina, Minas Gerais?;Comece pelos principais pontos, como Centro Histórico, Casa de Juscelino e Mercado Velho, e depois inclua experiências de história, arquitetura colonial e tradição musical. Deixe um horário livre para provar comida mineira e quitandas e caminhar por áreas centrais ou turísticas.
O que torna Diamantina, Minas Gerais interessante para turistas?;Diamantina, Minas Gerais se destaca pela combinação de história, arquitetura colonial e tradição musical, além de atrações como Centro Histórico, Casa de Juscelino e Mercado Velho. A gastronomia local, com comida mineira e quitandas, também ajuda a tornar a visita mais completa.
Que experiências culturais posso ter em Diamantina, Minas Gerais?;Em Diamantina, Minas Gerais, você pode conhecer mercados, museus, centros históricos e manifestações locais. Visitar Centro Histórico, Casa de Juscelino e Mercado Velho é uma boa forma de começar e complementar o passeio com a gastronomia regional.
O que posso fazer em Serra da Canastra, Minas Gerais em uma viagem de dois dias?;Em dois dias em Serra da Canastra, Minas Gerais, uma boa estratégia é combinar nascente do São Francisco, Cachoeira Casca D’Anta e trilhas. Reserve também um período para conhecer serras, cachoeiras, cerrado e vida silvestre e experimentar queijo Canastra e comida mineira.
Quais atrações valem a pena conhecer em Serra da Canastra, Minas Gerais?;Entre os destaques de Serra da Canastra, Minas Gerais estão nascente do São Francisco, Cachoeira Casca D’Anta e trilhas. O destino também se destaca por serras, cachoeiras, cerrado e vida silvestre.
O que comer durante uma viagem a Serra da Canastra, Minas Gerais?;Em Serra da Canastra, Minas Gerais, vale experimentar queijo Canastra e comida mineira. Procure restaurantes e mercados locais para conhecer melhor os sabores da região.
Vale a pena visitar Serra da Canastra, Minas Gerais com a família?;Sim. Serra da Canastra, Minas Gerais pode oferecer boas experiências em família, especialmente com passeios por nascente do São Francisco, Cachoeira Casca D’Anta e trilhas. Escolha atividades adequadas à idade do grupo e planeje os deslocamentos com antecedência.
Que tipo de turismo é mais comum em Serra da Canastra, Minas Gerais?;Serra da Canastra, Minas Gerais combina diferentes experiências, com destaque para serras, cachoeiras, cerrado e vida silvestre. Também há opções ligadas à cultura local, à gastronomia e aos principais pontos turísticos.
Como montar um roteiro básico em Serra da Canastra, Minas Gerais?;Comece pelos principais pontos, como nascente do São Francisco, Cachoeira Casca D’Anta e trilhas, e depois inclua experiências de serras, cachoeiras, cerrado e vida silvestre. Deixe um horário livre para provar queijo Canastra e comida mineira e caminhar por áreas centrais ou turísticas.
O que torna Serra da Canastra, Minas Gerais interessante para turistas?;Serra da Canastra, Minas Gerais se destaca pela combinação de serras, cachoeiras, cerrado e vida silvestre, além de atrações como nascente do São Francisco, Cachoeira Casca D’Anta e trilhas. A gastronomia local, com queijo Canastra e comida mineira, também ajuda a tornar a visita mais completa.
Que experiências culturais posso ter em Serra da Canastra, Minas Gerais?;Em Serra da Canastra, Minas Gerais, você pode conhecer mercados, museus, centros históricos e manifestações locais. Visitar nascente do São Francisco, Cachoeira Casca D’Anta e trilhas é uma boa forma de começar e complementar o passeio com a gastronomia regional.
O que posso fazer em Vitória, Espírito Santo em uma viagem de dois dias?;Em dois dias em Vitória, Espírito Santo, uma boa estratégia é combinar Curva da Jurema, Centro Histórico e ilhas próximas. Reserve também um período para conhecer litoral, ilhas e cultura capixaba e experimentar moqueca capixaba e torta capixaba.
Quais atrações valem a pena conhecer em Vitória, Espírito Santo?;Entre os destaques de Vitória, Espírito Santo estão Curva da Jurema, Centro Histórico e ilhas próximas. O destino também se destaca por litoral, ilhas e cultura capixaba.
O que comer durante uma viagem a Vitória, Espírito Santo?;Em Vitória, Espírito Santo, vale experimentar moqueca capixaba e torta capixaba. Procure restaurantes e mercados locais para conhecer melhor os sabores da região.
Vale a pena visitar Vitória, Espírito Santo com a família?;Sim. Vitória, Espírito Santo pode oferecer boas experiências em família, especialmente com passeios por Curva da Jurema, Centro Histórico e ilhas próximas. Escolha atividades adequadas à idade do grupo e planeje os deslocamentos com antecedência.
Que tipo de turismo é mais comum em Vitória, Espírito Santo?;Vitória, Espírito Santo combina diferentes experiências, com destaque para litoral, ilhas e cultura capixaba. Também há opções ligadas à cultura local, à gastronomia e aos principais pontos turísticos.
Como montar um roteiro básico em Vitória, Espírito Santo?;Comece pelos principais pontos, como Curva da Jurema, Centro Histórico e ilhas próximas, e depois inclua experiências de litoral, ilhas e cultura capixaba. Deixe um horário livre para provar moqueca capixaba e torta capixaba e caminhar por áreas centrais ou turísticas.
O que torna Vitória, Espírito Santo interessante para turistas?;Vitória, Espírito Santo se destaca pela combinação de litoral, ilhas e cultura capixaba, além de atrações como Curva da Jurema, Centro Histórico e ilhas próximas. A gastronomia local, com moqueca capixaba e torta capixaba, também ajuda a tornar a visita mais completa.
Que experiências culturais posso ter em Vitória, Espírito Santo?;Em Vitória, Espírito Santo, você pode conhecer mercados, museus, centros históricos e manifestações locais. Visitar Curva da Jurema, Centro Histórico e ilhas próximas é uma boa forma de começar e complementar o passeio com a gastronomia regional.
O que posso fazer em Rio de Janeiro, Rio de Janeiro em uma viagem de dois dias?;Em dois dias em Rio de Janeiro, Rio de Janeiro, uma boa estratégia é combinar Cristo Redentor, Pão de Açúcar, Copacabana e Ipanema. Reserve também um período para conhecer praias, montanhas, samba e paisagens urbanas e experimentar feijoada, comida de boteco e pratos variados.
Quais atrações valem a pena conhecer em Rio de Janeiro, Rio de Janeiro?;Entre os destaques de Rio de Janeiro, Rio de Janeiro estão Cristo Redentor, Pão de Açúcar, Copacabana e Ipanema. O destino também se destaca por praias, montanhas, samba e paisagens urbanas.
O que comer durante uma viagem a Rio de Janeiro, Rio de Janeiro?;Em Rio de Janeiro, Rio de Janeiro, vale experimentar feijoada, comida de boteco e pratos variados. Procure restaurantes e mercados locais para conhecer melhor os sabores da região.
Vale a pena visitar Rio de Janeiro, Rio de Janeiro com a família?;Sim. Rio de Janeiro, Rio de Janeiro pode oferecer boas experiências em família, especialmente com passeios por Cristo Redentor, Pão de Açúcar, Copacabana e Ipanema. Escolha atividades adequadas à idade do grupo e planeje os deslocamentos com antecedência.
Que tipo de turismo é mais comum em Rio de Janeiro, Rio de Janeiro?;Rio de Janeiro, Rio de Janeiro combina diferentes experiências, com destaque para praias, montanhas, samba e paisagens urbanas. Também há opções ligadas à cultura local, à gastronomia e aos principais pontos turísticos.
Como montar um roteiro básico em Rio de Janeiro, Rio de Janeiro?;Comece pelos principais pontos, como Cristo Redentor, Pão de Açúcar, Copacabana e Ipanema, e depois inclua experiências de praias, montanhas, samba e paisagens urbanas. Deixe um horário livre para provar feijoada, comida de boteco e pratos variados e caminhar por áreas centrais ou turísticas.
O que torna Rio de Janeiro, Rio de Janeiro interessante para turistas?;Rio de Janeiro, Rio de Janeiro se destaca pela combinação de praias, montanhas, samba e paisagens urbanas, além de atrações como Cristo Redentor, Pão de Açúcar, Copacabana e Ipanema. A gastronomia local, com feijoada, comida de boteco e pratos variados, também ajuda a tornar a visita mais completa.
Que experiências culturais posso ter em Rio de Janeiro, Rio de Janeiro?;Em Rio de Janeiro, Rio de Janeiro, você pode conhecer mercados, museus, centros históricos e manifestações locais. Visitar Cristo Redentor, Pão de Açúcar, Copacabana e Ipanema é uma boa forma de começar e complementar o passeio com a gastronomia regional.
O que posso fazer em Petrópolis, Rio de Janeiro em uma viagem de dois dias?;Em dois dias em Petrópolis, Rio de Janeiro, uma boa estratégia é combinar Museu Imperial, Palácio de Cristal e Casa de Santos Dumont. Reserve também um período para conhecer história imperial, serra e arquitetura e experimentar culinária serrana e influência alemã.
Quais atrações valem a pena conhecer em Petrópolis, Rio de Janeiro?;Entre os destaques de Petrópolis, Rio de Janeiro estão Museu Imperial, Palácio de Cristal e Casa de Santos Dumont. O destino também se destaca por história imperial, serra e arquitetura.
O que comer durante uma viagem a Petrópolis, Rio de Janeiro?;Em Petrópolis, Rio de Janeiro, vale experimentar culinária serrana e influência alemã. Procure restaurantes e mercados locais para conhecer melhor os sabores da região.
Vale a pena visitar Petrópolis, Rio de Janeiro com a família?;Sim. Petrópolis, Rio de Janeiro pode oferecer boas experiências em família, especialmente com passeios por Museu Imperial, Palácio de Cristal e Casa de Santos Dumont. Escolha atividades adequadas à idade do grupo e planeje os deslocamentos com antecedência.
Que tipo de turismo é mais comum em Petrópolis, Rio de Janeiro?;Petrópolis, Rio de Janeiro combina diferentes experiências, com destaque para história imperial, serra e arquitetura. Também há opções ligadas à cultura local, à gastronomia e aos principais pontos turísticos.
Como montar um roteiro básico em Petrópolis, Rio de Janeiro?;Comece pelos principais pontos, como Museu Imperial, Palácio de Cristal e Casa de Santos Dumont, e depois inclua experiências de história imperial, serra e arquitetura. Deixe um horário livre para provar culinária serrana e influência alemã e caminhar por áreas centrais ou turísticas.
O que torna Petrópolis, Rio de Janeiro interessante para turistas?;Petrópolis, Rio de Janeiro se destaca pela combinação de história imperial, serra e arquitetura, além de atrações como Museu Imperial, Palácio de Cristal e Casa de Santos Dumont. A gastronomia local, com culinária serrana e influência alemã, também ajuda a tornar a visita mais completa.
Que experiências culturais posso ter em Petrópolis, Rio de Janeiro?;Em Petrópolis, Rio de Janeiro, você pode conhecer mercados, museus, centros históricos e manifestações locais. Visitar Museu Imperial, Palácio de Cristal e Casa de Santos Dumont é uma boa forma de começar e complementar o passeio com a gastronomia regional.
O que posso fazer em Paraty, Rio de Janeiro em uma viagem de dois dias?;Em dois dias em Paraty, Rio de Janeiro, uma boa estratégia é combinar Centro Histórico, igrejas, praias e ilhas. Reserve também um período para conhecer casario colonial, Mata Atlântica e baía e experimentar frutos do mar e culinária caiçara.
Quais atrações valem a pena conhecer em Paraty, Rio de Janeiro?;Entre os destaques de Paraty, Rio de Janeiro estão Centro Histórico, igrejas, praias e ilhas. O destino também se destaca por casario colonial, Mata Atlântica e baía.
O que comer durante uma viagem a Paraty, Rio de Janeiro?;Em Paraty, Rio de Janeiro, vale experimentar frutos do mar e culinária caiçara. Procure restaurantes e mercados locais para conhecer melhor os sabores da região.
Vale a pena visitar Paraty, Rio de Janeiro com a família?;Sim. Paraty, Rio de Janeiro pode oferecer boas experiências em família, especialmente com passeios por Centro Histórico, igrejas, praias e ilhas. Escolha atividades adequadas à idade do grupo e planeje os deslocamentos com antecedência.
Que tipo de turismo é mais comum em Paraty, Rio de Janeiro?;Paraty, Rio de Janeiro combina diferentes experiências, com destaque para casario colonial, Mata Atlântica e baía. Também há opções ligadas à cultura local, à gastronomia e aos principais pontos turísticos.
Como montar um roteiro básico em Paraty, Rio de Janeiro?;Comece pelos principais pontos, como Centro Histórico, igrejas, praias e ilhas, e depois inclua experiências de casario colonial, Mata Atlântica e baía. Deixe um horário livre para provar frutos do mar e culinária caiçara e caminhar por áreas centrais ou turísticas.
O que torna Paraty, Rio de Janeiro interessante para turistas?;Paraty, Rio de Janeiro se destaca pela combinação de casario colonial, Mata Atlântica e baía, além de atrações como Centro Histórico, igrejas, praias e ilhas. A gastronomia local, com frutos do mar e culinária caiçara, também ajuda a tornar a visita mais completa.
Que experiências culturais posso ter em Paraty, Rio de Janeiro?;Em Paraty, Rio de Janeiro, você pode conhecer mercados, museus, centros históricos e manifestações locais. Visitar Centro Histórico, igrejas, praias e ilhas é uma boa forma de começar e complementar o passeio com a gastronomia regional.
O que posso fazer em Arraial do Cabo, Rio de Janeiro em uma viagem de dois dias?;Em dois dias em Arraial do Cabo, Rio de Janeiro, uma boa estratégia é combinar Praia do Forno, Prainhas do Pontal e passeios de barco. Reserve também um período para conhecer águas claras, mergulho e praias e experimentar frutos do mar.
Quais atrações valem a pena conhecer em Arraial do Cabo, Rio de Janeiro?;Entre os destaques de Arraial do Cabo, Rio de Janeiro estão Praia do Forno, Prainhas do Pontal e passeios de barco. O destino também se destaca por águas claras, mergulho e praias.
O que comer durante uma viagem a Arraial do Cabo, Rio de Janeiro?;Em Arraial do Cabo, Rio de Janeiro, vale experimentar frutos do mar. Procure restaurantes e mercados locais para conhecer melhor os sabores da região.
Vale a pena visitar Arraial do Cabo, Rio de Janeiro com a família?;Sim. Arraial do Cabo, Rio de Janeiro pode oferecer boas experiências em família, especialmente com passeios por Praia do Forno, Prainhas do Pontal e passeios de barco. Escolha atividades adequadas à idade do grupo e planeje os deslocamentos com antecedência.
Que tipo de turismo é mais comum em Arraial do Cabo, Rio de Janeiro?;Arraial do Cabo, Rio de Janeiro combina diferentes experiências, com destaque para águas claras, mergulho e praias. Também há opções ligadas à cultura local, à gastronomia e aos principais pontos turísticos.
Como montar um roteiro básico em Arraial do Cabo, Rio de Janeiro?;Comece pelos principais pontos, como Praia do Forno, Prainhas do Pontal e passeios de barco, e depois inclua experiências de águas claras, mergulho e praias. Deixe um horário livre para provar frutos do mar e caminhar por áreas centrais ou turísticas.
O que torna Arraial do Cabo, Rio de Janeiro interessante para turistas?;Arraial do Cabo, Rio de Janeiro se destaca pela combinação de águas claras, mergulho e praias, além de atrações como Praia do Forno, Prainhas do Pontal e passeios de barco. A gastronomia local, com frutos do mar, também ajuda a tornar a visita mais completa.
Que experiências culturais posso ter em Arraial do Cabo, Rio de Janeiro?;Em Arraial do Cabo, Rio de Janeiro, você pode conhecer mercados, museus, centros históricos e manifestações locais. Visitar Praia do Forno, Prainhas do Pontal e passeios de barco é uma boa forma de começar e complementar o passeio com a gastronomia regional.
O que posso fazer em Búzios, Rio de Janeiro em uma viagem de dois dias?;Em dois dias em Búzios, Rio de Janeiro, uma boa estratégia é combinar Rua das Pedras, Orla Bardot e diversas praias. Reserve também um período para conhecer praias, esportes aquáticos e vida noturna e experimentar frutos do mar e gastronomia variada.
Quais atrações valem a pena conhecer em Búzios, Rio de Janeiro?;Entre os destaques de Búzios, Rio de Janeiro estão Rua das Pedras, Orla Bardot e diversas praias. O destino também se destaca por praias, esportes aquáticos e vida noturna.
O que comer durante uma viagem a Búzios, Rio de Janeiro?;Em Búzios, Rio de Janeiro, vale experimentar frutos do mar e gastronomia variada. Procure restaurantes e mercados locais para conhecer melhor os sabores da região.
Vale a pena visitar Búzios, Rio de Janeiro com a família?;Sim. Búzios, Rio de Janeiro pode oferecer boas experiências em família, especialmente com passeios por Rua das Pedras, Orla Bardot e diversas praias. Escolha atividades adequadas à idade do grupo e planeje os deslocamentos com antecedência.
Que tipo de turismo é mais comum em Búzios, Rio de Janeiro?;Búzios, Rio de Janeiro combina diferentes experiências, com destaque para praias, esportes aquáticos e vida noturna. Também há opções ligadas à cultura local, à gastronomia e aos principais pontos turísticos.
Como montar um roteiro básico em Búzios, Rio de Janeiro?;Comece pelos principais pontos, como Rua das Pedras, Orla Bardot e diversas praias, e depois inclua experiências de praias, esportes aquáticos e vida noturna. Deixe um horário livre para provar frutos do mar e gastronomia variada e caminhar por áreas centrais ou turísticas.
O que torna Búzios, Rio de Janeiro interessante para turistas?;Búzios, Rio de Janeiro se destaca pela combinação de praias, esportes aquáticos e vida noturna, além de atrações como Rua das Pedras, Orla Bardot e diversas praias. A gastronomia local, com frutos do mar e gastronomia variada, também ajuda a tornar a visita mais completa.
Que experiências culturais posso ter em Búzios, Rio de Janeiro?;Em Búzios, Rio de Janeiro, você pode conhecer mercados, museus, centros históricos e manifestações locais. Visitar Rua das Pedras, Orla Bardot e diversas praias é uma boa forma de começar e complementar o passeio com a gastronomia regional.
O que posso fazer em São Paulo, São Paulo em uma viagem de dois dias?;Em dois dias em São Paulo, São Paulo, uma boa estratégia é combinar Avenida Paulista, MASP, Parque Ibirapuera e Mercado Municipal. Reserve também um período para conhecer museus, cultura, parques e vida urbana e experimentar gastronomia brasileira e internacional.
Quais atrações valem a pena conhecer em São Paulo, São Paulo?;Entre os destaques de São Paulo, São Paulo estão Avenida Paulista, MASP, Parque Ibirapuera e Mercado Municipal. O destino também se destaca por museus, cultura, parques e vida urbana.
O que comer durante uma viagem a São Paulo, São Paulo?;Em São Paulo, São Paulo, vale experimentar gastronomia brasileira e internacional. Procure restaurantes e mercados locais para conhecer melhor os sabores da região.
Vale a pena visitar São Paulo, São Paulo com a família?;Sim. São Paulo, São Paulo pode oferecer boas experiências em família, especialmente com passeios por Avenida Paulista, MASP, Parque Ibirapuera e Mercado Municipal. Escolha atividades adequadas à idade do grupo e planeje os deslocamentos com antecedência.
Que tipo de turismo é mais comum em São Paulo, São Paulo?;São Paulo, São Paulo combina diferentes experiências, com destaque para museus, cultura, parques e vida urbana. Também há opções ligadas à cultura local, à gastronomia e aos principais pontos turísticos.
Como montar um roteiro básico em São Paulo, São Paulo?;Comece pelos principais pontos, como Avenida Paulista, MASP, Parque Ibirapuera e Mercado Municipal, e depois inclua experiências de museus, cultura, parques e vida urbana. Deixe um horário livre para provar gastronomia brasileira e internacional e caminhar por áreas centrais ou turísticas.
O que torna São Paulo, São Paulo interessante para turistas?;São Paulo, São Paulo se destaca pela combinação de museus, cultura, parques e vida urbana, além de atrações como Avenida Paulista, MASP, Parque Ibirapuera e Mercado Municipal. A gastronomia local, com gastronomia brasileira e internacional, também ajuda a tornar a visita mais completa.
Que experiências culturais posso ter em São Paulo, São Paulo?;Em São Paulo, São Paulo, você pode conhecer mercados, museus, centros históricos e manifestações locais. Visitar Avenida Paulista, MASP, Parque Ibirapuera e Mercado Municipal é uma boa forma de começar e complementar o passeio com a gastronomia regional.
O que posso fazer em Santos, São Paulo em uma viagem de dois dias?;Em dois dias em Santos, São Paulo, uma boa estratégia é combinar orla, Museu do Café e centro histórico. Reserve também um período para conhecer praias, história do café e porto e experimentar frutos do mar e culinária caiçara.
Quais atrações valem a pena conhecer em Santos, São Paulo?;Entre os destaques de Santos, São Paulo estão orla, Museu do Café e centro histórico. O destino também se destaca por praias, história do café e porto.
O que comer durante uma viagem a Santos, São Paulo?;Em Santos, São Paulo, vale experimentar frutos do mar e culinária caiçara. Procure restaurantes e mercados locais para conhecer melhor os sabores da região.
Vale a pena visitar Santos, São Paulo com a família?;Sim. Santos, São Paulo pode oferecer boas experiências em família, especialmente com passeios por orla, Museu do Café e centro histórico. Escolha atividades adequadas à idade do grupo e planeje os deslocamentos com antecedência.
Que tipo de turismo é mais comum em Santos, São Paulo?;Santos, São Paulo combina diferentes experiências, com destaque para praias, história do café e porto. Também há opções ligadas à cultura local, à gastronomia e aos principais pontos turísticos.
Como montar um roteiro básico em Santos, São Paulo?;Comece pelos principais pontos, como orla, Museu do Café e centro histórico, e depois inclua experiências de praias, história do café e porto. Deixe um horário livre para provar frutos do mar e culinária caiçara e caminhar por áreas centrais ou turísticas.
O que torna Santos, São Paulo interessante para turistas?;Santos, São Paulo se destaca pela combinação de praias, história do café e porto, além de atrações como orla, Museu do Café e centro histórico. A gastronomia local, com frutos do mar e culinária caiçara, também ajuda a tornar a visita mais completa.
Que experiências culturais posso ter em Santos, São Paulo?;Em Santos, São Paulo, você pode conhecer mercados, museus, centros históricos e manifestações locais. Visitar orla, Museu do Café e centro histórico é uma boa forma de começar e complementar o passeio com a gastronomia regional.
O que posso fazer em Ubatuba, São Paulo em uma viagem de dois dias?;Em dois dias em Ubatuba, São Paulo, uma boa estratégia é combinar Praia de Itamambuca, Projeto Tamar e trilhas. Reserve também um período para conhecer praias, Mata Atlântica e surf e experimentar frutos do mar e culinária caiçara.
Quais atrações valem a pena conhecer em Ubatuba, São Paulo?;Entre os destaques de Ubatuba, São Paulo estão Praia de Itamambuca, Projeto Tamar e trilhas. O destino também se destaca por praias, Mata Atlântica e surf.
O que comer durante uma viagem a Ubatuba, São Paulo?;Em Ubatuba, São Paulo, vale experimentar frutos do mar e culinária caiçara. Procure restaurantes e mercados locais para conhecer melhor os sabores da região.
Vale a pena visitar Ubatuba, São Paulo com a família?;Sim. Ubatuba, São Paulo pode oferecer boas experiências em família, especialmente com passeios por Praia de Itamambuca, Projeto Tamar e trilhas. Escolha atividades adequadas à idade do grupo e planeje os deslocamentos com antecedência.
Que tipo de turismo é mais comum em Ubatuba, São Paulo?;Ubatuba, São Paulo combina diferentes experiências, com destaque para praias, Mata Atlântica e surf. Também há opções ligadas à cultura local, à gastronomia e aos principais pontos turísticos.
Como montar um roteiro básico em Ubatuba, São Paulo?;Comece pelos principais pontos, como Praia de Itamambuca, Projeto Tamar e trilhas, e depois inclua experiências de praias, Mata Atlântica e surf. Deixe um horário livre para provar frutos do mar e culinária caiçara e caminhar por áreas centrais ou turísticas.
O que torna Ubatuba, São Paulo interessante para turistas?;Ubatuba, São Paulo se destaca pela combinação de praias, Mata Atlântica e surf, além de atrações como Praia de Itamambuca, Projeto Tamar e trilhas. A gastronomia local, com frutos do mar e culinária caiçara, também ajuda a tornar a visita mais completa.
Que experiências culturais posso ter em Ubatuba, São Paulo?;Em Ubatuba, São Paulo, você pode conhecer mercados, museus, centros históricos e manifestações locais. Visitar Praia de Itamambuca, Projeto Tamar e trilhas é uma boa forma de começar e complementar o passeio com a gastronomia regional.
O que posso fazer em Ilhabela, São Paulo em uma viagem de dois dias?;Em dois dias em Ilhabela, São Paulo, uma boa estratégia é combinar praias, cachoeiras, trilhas e centro histórico. Reserve também um período para conhecer ilha, Mata Atlântica, vela e mergulho e experimentar frutos do mar e culinária caiçara.
Quais atrações valem a pena conhecer em Ilhabela, São Paulo?;Entre os destaques de Ilhabela, São Paulo estão praias, cachoeiras, trilhas e centro histórico. O destino também se destaca por ilha, Mata Atlântica, vela e mergulho.
O que comer durante uma viagem a Ilhabela, São Paulo?;Em Ilhabela, São Paulo, vale experimentar frutos do mar e culinária caiçara. Procure restaurantes e mercados locais para conhecer melhor os sabores da região.
Vale a pena visitar Ilhabela, São Paulo com a família?;Sim. Ilhabela, São Paulo pode oferecer boas experiências em família, especialmente com passeios por praias, cachoeiras, trilhas e centro histórico. Escolha atividades adequadas à idade do grupo e planeje os deslocamentos com antecedência.
Que tipo de turismo é mais comum em Ilhabela, São Paulo?;Ilhabela, São Paulo combina diferentes experiências, com destaque para ilha, Mata Atlântica, vela e mergulho. Também há opções ligadas à cultura local, à gastronomia e aos principais pontos turísticos.
Como montar um roteiro básico em Ilhabela, São Paulo?;Comece pelos principais pontos, como praias, cachoeiras, trilhas e centro histórico, e depois inclua experiências de ilha, Mata Atlântica, vela e mergulho. Deixe um horário livre para provar frutos do mar e culinária caiçara e caminhar por áreas centrais ou turísticas.
O que torna Ilhabela, São Paulo interessante para turistas?;Ilhabela, São Paulo se destaca pela combinação de ilha, Mata Atlântica, vela e mergulho, além de atrações como praias, cachoeiras, trilhas e centro histórico. A gastronomia local, com frutos do mar e culinária caiçara, também ajuda a tornar a visita mais completa.
Que experiências culturais posso ter em Ilhabela, São Paulo?;Em Ilhabela, São Paulo, você pode conhecer mercados, museus, centros históricos e manifestações locais. Visitar praias, cachoeiras, trilhas e centro histórico é uma boa forma de começar e complementar o passeio com a gastronomia regional.
O que posso fazer em Curitiba, Paraná em uma viagem de dois dias?;Em dois dias em Curitiba, Paraná, uma boa estratégia é combinar Jardim Botânico, Museu Oscar Niemeyer e Parque Tanguá. Reserve também um período para conhecer parques, arquitetura e planejamento urbano e experimentar barreado, pierogi e culinária diversa.
Quais atrações valem a pena conhecer em Curitiba, Paraná?;Entre os destaques de Curitiba, Paraná estão Jardim Botânico, Museu Oscar Niemeyer e Parque Tanguá. O destino também se destaca por parques, arquitetura e planejamento urbano.
O que comer durante uma viagem a Curitiba, Paraná?;Em Curitiba, Paraná, vale experimentar barreado, pierogi e culinária diversa. Procure restaurantes e mercados locais para conhecer melhor os sabores da região.
Vale a pena visitar Curitiba, Paraná com a família?;Sim. Curitiba, Paraná pode oferecer boas experiências em família, especialmente com passeios por Jardim Botânico, Museu Oscar Niemeyer e Parque Tanguá. Escolha atividades adequadas à idade do grupo e planeje os deslocamentos com antecedência.
Que tipo de turismo é mais comum em Curitiba, Paraná?;Curitiba, Paraná combina diferentes experiências, com destaque para parques, arquitetura e planejamento urbano. Também há opções ligadas à cultura local, à gastronomia e aos principais pontos turísticos.
Como montar um roteiro básico em Curitiba, Paraná?;Comece pelos principais pontos, como Jardim Botânico, Museu Oscar Niemeyer e Parque Tanguá, e depois inclua experiências de parques, arquitetura e planejamento urbano. Deixe um horário livre para provar barreado, pierogi e culinária diversa e caminhar por áreas centrais ou turísticas.
O que torna Curitiba, Paraná interessante para turistas?;Curitiba, Paraná se destaca pela combinação de parques, arquitetura e planejamento urbano, além de atrações como Jardim Botânico, Museu Oscar Niemeyer e Parque Tanguá. A gastronomia local, com barreado, pierogi e culinária diversa, também ajuda a tornar a visita mais completa.
Que experiências culturais posso ter em Curitiba, Paraná?;Em Curitiba, Paraná, você pode conhecer mercados, museus, centros históricos e manifestações locais. Visitar Jardim Botânico, Museu Oscar Niemeyer e Parque Tanguá é uma boa forma de começar e complementar o passeio com a gastronomia regional.
O que posso fazer em Foz do Iguaçu, Paraná em uma viagem de dois dias?;Em dois dias em Foz do Iguaçu, Paraná, uma boa estratégia é combinar Cataratas do Iguaçu, Parque das Aves e Marco das Três Fronteiras. Reserve também um período para conhecer cataratas, floresta e encontro de três países e experimentar culinária brasileira e de fronteira.
Quais atrações valem a pena conhecer em Foz do Iguaçu, Paraná?;Entre os destaques de Foz do Iguaçu, Paraná estão Cataratas do Iguaçu, Parque das Aves e Marco das Três Fronteiras. O destino também se destaca por cataratas, floresta e encontro de três países.
O que comer durante uma viagem a Foz do Iguaçu, Paraná?;Em Foz do Iguaçu, Paraná, vale experimentar culinária brasileira e de fronteira. Procure restaurantes e mercados locais para conhecer melhor os sabores da região.
Vale a pena visitar Foz do Iguaçu, Paraná com a família?;Sim. Foz do Iguaçu, Paraná pode oferecer boas experiências em família, especialmente com passeios por Cataratas do Iguaçu, Parque das Aves e Marco das Três Fronteiras. Escolha atividades adequadas à idade do grupo e planeje os deslocamentos com antecedência.
Que tipo de turismo é mais comum em Foz do Iguaçu, Paraná?;Foz do Iguaçu, Paraná combina diferentes experiências, com destaque para cataratas, floresta e encontro de três países. Também há opções ligadas à cultura local, à gastronomia e aos principais pontos turísticos.
Como montar um roteiro básico em Foz do Iguaçu, Paraná?;Comece pelos principais pontos, como Cataratas do Iguaçu, Parque das Aves e Marco das Três Fronteiras, e depois inclua experiências de cataratas, floresta e encontro de três países. Deixe um horário livre para provar culinária brasileira e de fronteira e caminhar por áreas centrais ou turísticas.
O que torna Foz do Iguaçu, Paraná interessante para turistas?;Foz do Iguaçu, Paraná se destaca pela combinação de cataratas, floresta e encontro de três países, além de atrações como Cataratas do Iguaçu, Parque das Aves e Marco das Três Fronteiras. A gastronomia local, com culinária brasileira e de fronteira, também ajuda a tornar a visita mais completa.
Que experiências culturais posso ter em Foz do Iguaçu, Paraná?;Em Foz do Iguaçu, Paraná, você pode conhecer mercados, museus, centros históricos e manifestações locais. Visitar Cataratas do Iguaçu, Parque das Aves e Marco das Três Fronteiras é uma boa forma de começar e complementar o passeio com a gastronomia regional.
O que posso fazer em Morretes, Paraná em uma viagem de dois dias?;Em dois dias em Morretes, Paraná, uma boa estratégia é combinar centro histórico, passeio de trem e Serra do Mar. Reserve também um período para conhecer Mata Atlântica, serra e história ferroviária e experimentar barreado e bala de banana.
Quais atrações valem a pena conhecer em Morretes, Paraná?;Entre os destaques de Morretes, Paraná estão centro histórico, passeio de trem e Serra do Mar. O destino também se destaca por Mata Atlântica, serra e história ferroviária.
O que comer durante uma viagem a Morretes, Paraná?;Em Morretes, Paraná, vale experimentar barreado e bala de banana. Procure restaurantes e mercados locais para conhecer melhor os sabores da região.
Vale a pena visitar Morretes, Paraná com a família?;Sim. Morretes, Paraná pode oferecer boas experiências em família, especialmente com passeios por centro histórico, passeio de trem e Serra do Mar. Escolha atividades adequadas à idade do grupo e planeje os deslocamentos com antecedência.
Que tipo de turismo é mais comum em Morretes, Paraná?;Morretes, Paraná combina diferentes experiências, com destaque para Mata Atlântica, serra e história ferroviária. Também há opções ligadas à cultura local, à gastronomia e aos principais pontos turísticos.
Como montar um roteiro básico em Morretes, Paraná?;Comece pelos principais pontos, como centro histórico, passeio de trem e Serra do Mar, e depois inclua experiências de Mata Atlântica, serra e história ferroviária. Deixe um horário livre para provar barreado e bala de banana e caminhar por áreas centrais ou turísticas.
O que torna Morretes, Paraná interessante para turistas?;Morretes, Paraná se destaca pela combinação de Mata Atlântica, serra e história ferroviária, além de atrações como centro histórico, passeio de trem e Serra do Mar. A gastronomia local, com barreado e bala de banana, também ajuda a tornar a visita mais completa.
Que experiências culturais posso ter em Morretes, Paraná?;Em Morretes, Paraná, você pode conhecer mercados, museus, centros históricos e manifestações locais. Visitar centro histórico, passeio de trem e Serra do Mar é uma boa forma de começar e complementar o passeio com a gastronomia regional.
O que posso fazer em Florianópolis, Santa Catarina em uma viagem de dois dias?;Em dois dias em Florianópolis, Santa Catarina, uma boa estratégia é combinar Lagoa da Conceição, Ponte Hercílio Luz e diversas praias. Reserve também um período para conhecer praias, trilhas, lagoas e cultura açoriana e experimentar sequência de camarão, ostras e frutos do mar.
Quais atrações valem a pena conhecer em Florianópolis, Santa Catarina?;Entre os destaques de Florianópolis, Santa Catarina estão Lagoa da Conceição, Ponte Hercílio Luz e diversas praias. O destino também se destaca por praias, trilhas, lagoas e cultura açoriana.
O que comer durante uma viagem a Florianópolis, Santa Catarina?;Em Florianópolis, Santa Catarina, vale experimentar sequência de camarão, ostras e frutos do mar. Procure restaurantes e mercados locais para conhecer melhor os sabores da região.
Vale a pena visitar Florianópolis, Santa Catarina com a família?;Sim. Florianópolis, Santa Catarina pode oferecer boas experiências em família, especialmente com passeios por Lagoa da Conceição, Ponte Hercílio Luz e diversas praias. Escolha atividades adequadas à idade do grupo e planeje os deslocamentos com antecedência.
Que tipo de turismo é mais comum em Florianópolis, Santa Catarina?;Florianópolis, Santa Catarina combina diferentes experiências, com destaque para praias, trilhas, lagoas e cultura açoriana. Também há opções ligadas à cultura local, à gastronomia e aos principais pontos turísticos.
Como montar um roteiro básico em Florianópolis, Santa Catarina?;Comece pelos principais pontos, como Lagoa da Conceição, Ponte Hercílio Luz e diversas praias, e depois inclua experiências de praias, trilhas, lagoas e cultura açoriana. Deixe um horário livre para provar sequência de camarão, ostras e frutos do mar e caminhar por áreas centrais ou turísticas.
O que torna Florianópolis, Santa Catarina interessante para turistas?;Florianópolis, Santa Catarina se destaca pela combinação de praias, trilhas, lagoas e cultura açoriana, além de atrações como Lagoa da Conceição, Ponte Hercílio Luz e diversas praias. A gastronomia local, com sequência de camarão, ostras e frutos do mar, também ajuda a tornar a visita mais completa.
Que experiências culturais posso ter em Florianópolis, Santa Catarina?;Em Florianópolis, Santa Catarina, você pode conhecer mercados, museus, centros históricos e manifestações locais. Visitar Lagoa da Conceição, Ponte Hercílio Luz e diversas praias é uma boa forma de começar e complementar o passeio com a gastronomia regional.
O que posso fazer em Balneário Camboriú, Santa Catarina em uma viagem de dois dias?;Em dois dias em Balneário Camboriú, Santa Catarina, uma boa estratégia é combinar orla, Parque Unipraias e mirantes. Reserve também um período para conhecer praias, arranha-céus e atrações urbanas e experimentar frutos do mar e gastronomia variada.
Quais atrações valem a pena conhecer em Balneário Camboriú, Santa Catarina?;Entre os destaques de Balneário Camboriú, Santa Catarina estão orla, Parque Unipraias e mirantes. O destino também se destaca por praias, arranha-céus e atrações urbanas.
O que comer durante uma viagem a Balneário Camboriú, Santa Catarina?;Em Balneário Camboriú, Santa Catarina, vale experimentar frutos do mar e gastronomia variada. Procure restaurantes e mercados locais para conhecer melhor os sabores da região.
Vale a pena visitar Balneário Camboriú, Santa Catarina com a família?;Sim. Balneário Camboriú, Santa Catarina pode oferecer boas experiências em família, especialmente com passeios por orla, Parque Unipraias e mirantes. Escolha atividades adequadas à idade do grupo e planeje os deslocamentos com antecedência.
Que tipo de turismo é mais comum em Balneário Camboriú, Santa Catarina?;Balneário Camboriú, Santa Catarina combina diferentes experiências, com destaque para praias, arranha-céus e atrações urbanas. Também há opções ligadas à cultura local, à gastronomia e aos principais pontos turísticos.
Como montar um roteiro básico em Balneário Camboriú, Santa Catarina?;Comece pelos principais pontos, como orla, Parque Unipraias e mirantes, e depois inclua experiências de praias, arranha-céus e atrações urbanas. Deixe um horário livre para provar frutos do mar e gastronomia variada e caminhar por áreas centrais ou turísticas.
O que torna Balneário Camboriú, Santa Catarina interessante para turistas?;Balneário Camboriú, Santa Catarina se destaca pela combinação de praias, arranha-céus e atrações urbanas, além de atrações como orla, Parque Unipraias e mirantes. A gastronomia local, com frutos do mar e gastronomia variada, também ajuda a tornar a visita mais completa.
Que experiências culturais posso ter em Balneário Camboriú, Santa Catarina?;Em Balneário Camboriú, Santa Catarina, você pode conhecer mercados, museus, centros históricos e manifestações locais. Visitar orla, Parque Unipraias e mirantes é uma boa forma de começar e complementar o passeio com a gastronomia regional.
O que posso fazer em Urubici, Santa Catarina em uma viagem de dois dias?;Em dois dias em Urubici, Santa Catarina, uma boa estratégia é combinar Morro da Igreja, Serra do Corvo Branco e cachoeiras. Reserve também um período para conhecer montanhas, cânions e clima de serra e experimentar culinária serrana.
Quais atrações valem a pena conhecer em Urubici, Santa Catarina?;Entre os destaques de Urubici, Santa Catarina estão Morro da Igreja, Serra do Corvo Branco e cachoeiras. O destino também se destaca por montanhas, cânions e clima de serra.
O que comer durante uma viagem a Urubici, Santa Catarina?;Em Urubici, Santa Catarina, vale experimentar culinária serrana. Procure restaurantes e mercados locais para conhecer melhor os sabores da região.
Vale a pena visitar Urubici, Santa Catarina com a família?;Sim. Urubici, Santa Catarina pode oferecer boas experiências em família, especialmente com passeios por Morro da Igreja, Serra do Corvo Branco e cachoeiras. Escolha atividades adequadas à idade do grupo e planeje os deslocamentos com antecedência.
Que tipo de turismo é mais comum em Urubici, Santa Catarina?;Urubici, Santa Catarina combina diferentes experiências, com destaque para montanhas, cânions e clima de serra. Também há opções ligadas à cultura local, à gastronomia e aos principais pontos turísticos.
Como montar um roteiro básico em Urubici, Santa Catarina?;Comece pelos principais pontos, como Morro da Igreja, Serra do Corvo Branco e cachoeiras, e depois inclua experiências de montanhas, cânions e clima de serra. Deixe um horário livre para provar culinária serrana e caminhar por áreas centrais ou turísticas.
O que torna Urubici, Santa Catarina interessante para turistas?;Urubici, Santa Catarina se destaca pela combinação de montanhas, cânions e clima de serra, além de atrações como Morro da Igreja, Serra do Corvo Branco e cachoeiras. A gastronomia local, com culinária serrana, também ajuda a tornar a visita mais completa.
Que experiências culturais posso ter em Urubici, Santa Catarina?;Em Urubici, Santa Catarina, você pode conhecer mercados, museus, centros históricos e manifestações locais. Visitar Morro da Igreja, Serra do Corvo Branco e cachoeiras é uma boa forma de começar e complementar o passeio com a gastronomia regional.
O que posso fazer em Porto Alegre, Rio Grande do Sul em uma viagem de dois dias?;Em dois dias em Porto Alegre, Rio Grande do Sul, uma boa estratégia é combinar Usina do Gasômetro, Mercado Público e orla do Guaíba. Reserve também um período para conhecer cultura gaúcha, parques e pôr do sol no Guaíba e experimentar churrasco, chimarrão e culinária gaúcha.
Quais atrações valem a pena conhecer em Porto Alegre, Rio Grande do Sul?;Entre os destaques de Porto Alegre, Rio Grande do Sul estão Usina do Gasômetro, Mercado Público e orla do Guaíba. O destino também se destaca por cultura gaúcha, parques e pôr do sol no Guaíba.
O que comer durante uma viagem a Porto Alegre, Rio Grande do Sul?;Em Porto Alegre, Rio Grande do Sul, vale experimentar churrasco, chimarrão e culinária gaúcha. Procure restaurantes e mercados locais para conhecer melhor os sabores da região.
Vale a pena visitar Porto Alegre, Rio Grande do Sul com a família?;Sim. Porto Alegre, Rio Grande do Sul pode oferecer boas experiências em família, especialmente com passeios por Usina do Gasômetro, Mercado Público e orla do Guaíba. Escolha atividades adequadas à idade do grupo e planeje os deslocamentos com antecedência.
Que tipo de turismo é mais comum em Porto Alegre, Rio Grande do Sul?;Porto Alegre, Rio Grande do Sul combina diferentes experiências, com destaque para cultura gaúcha, parques e pôr do sol no Guaíba. Também há opções ligadas à cultura local, à gastronomia e aos principais pontos turísticos.
Como montar um roteiro básico em Porto Alegre, Rio Grande do Sul?;Comece pelos principais pontos, como Usina do Gasômetro, Mercado Público e orla do Guaíba, e depois inclua experiências de cultura gaúcha, parques e pôr do sol no Guaíba. Deixe um horário livre para provar churrasco, chimarrão e culinária gaúcha e caminhar por áreas centrais ou turísticas.
O que torna Porto Alegre, Rio Grande do Sul interessante para turistas?;Porto Alegre, Rio Grande do Sul se destaca pela combinação de cultura gaúcha, parques e pôr do sol no Guaíba, além de atrações como Usina do Gasômetro, Mercado Público e orla do Guaíba. A gastronomia local, com churrasco, chimarrão e culinária gaúcha, também ajuda a tornar a visita mais completa.
Que experiências culturais posso ter em Porto Alegre, Rio Grande do Sul?;Em Porto Alegre, Rio Grande do Sul, você pode conhecer mercados, museus, centros históricos e manifestações locais. Visitar Usina do Gasômetro, Mercado Público e orla do Guaíba é uma boa forma de começar e complementar o passeio com a gastronomia regional.
O que posso fazer em Gramado, Rio Grande do Sul em uma viagem de dois dias?;Em dois dias em Gramado, Rio Grande do Sul, uma boa estratégia é combinar Lago Negro, Mini Mundo e Rua Coberta. Reserve também um período para conhecer clima de serra, jardins e atrações temáticas e experimentar chocolate, fondue e café colonial.
Quais atrações valem a pena conhecer em Gramado, Rio Grande do Sul?;Entre os destaques de Gramado, Rio Grande do Sul estão Lago Negro, Mini Mundo e Rua Coberta. O destino também se destaca por clima de serra, jardins e atrações temáticas.
O que comer durante uma viagem a Gramado, Rio Grande do Sul?;Em Gramado, Rio Grande do Sul, vale experimentar chocolate, fondue e café colonial. Procure restaurantes e mercados locais para conhecer melhor os sabores da região.
Vale a pena visitar Gramado, Rio Grande do Sul com a família?;Sim. Gramado, Rio Grande do Sul pode oferecer boas experiências em família, especialmente com passeios por Lago Negro, Mini Mundo e Rua Coberta. Escolha atividades adequadas à idade do grupo e planeje os deslocamentos com antecedência.
Que tipo de turismo é mais comum em Gramado, Rio Grande do Sul?;Gramado, Rio Grande do Sul combina diferentes experiências, com destaque para clima de serra, jardins e atrações temáticas. Também há opções ligadas à cultura local, à gastronomia e aos principais pontos turísticos.
Como montar um roteiro básico em Gramado, Rio Grande do Sul?;Comece pelos principais pontos, como Lago Negro, Mini Mundo e Rua Coberta, e depois inclua experiências de clima de serra, jardins e atrações temáticas. Deixe um horário livre para provar chocolate, fondue e café colonial e caminhar por áreas centrais ou turísticas.
O que torna Gramado, Rio Grande do Sul interessante para turistas?;Gramado, Rio Grande do Sul se destaca pela combinação de clima de serra, jardins e atrações temáticas, além de atrações como Lago Negro, Mini Mundo e Rua Coberta. A gastronomia local, com chocolate, fondue e café colonial, também ajuda a tornar a visita mais completa.
Que experiências culturais posso ter em Gramado, Rio Grande do Sul?;Em Gramado, Rio Grande do Sul, você pode conhecer mercados, museus, centros históricos e manifestações locais. Visitar Lago Negro, Mini Mundo e Rua Coberta é uma boa forma de começar e complementar o passeio com a gastronomia regional.
O que posso fazer em Canela, Rio Grande do Sul em uma viagem de dois dias?;Em dois dias em Canela, Rio Grande do Sul, uma boa estratégia é combinar Catedral de Pedra, Parque do Caracol e Mundo a Vapor. Reserve também um período para conhecer cachoeiras, serra e atrações familiares e experimentar chocolate, fondue e culinária serrana.
Quais atrações valem a pena conhecer em Canela, Rio Grande do Sul?;Entre os destaques de Canela, Rio Grande do Sul estão Catedral de Pedra, Parque do Caracol e Mundo a Vapor. O destino também se destaca por cachoeiras, serra e atrações familiares.
O que comer durante uma viagem a Canela, Rio Grande do Sul?;Em Canela, Rio Grande do Sul, vale experimentar chocolate, fondue e culinária serrana. Procure restaurantes e mercados locais para conhecer melhor os sabores da região.
Vale a pena visitar Canela, Rio Grande do Sul com a família?;Sim. Canela, Rio Grande do Sul pode oferecer boas experiências em família, especialmente com passeios por Catedral de Pedra, Parque do Caracol e Mundo a Vapor. Escolha atividades adequadas à idade do grupo e planeje os deslocamentos com antecedência.
Que tipo de turismo é mais comum em Canela, Rio Grande do Sul?;Canela, Rio Grande do Sul combina diferentes experiências, com destaque para cachoeiras, serra e atrações familiares. Também há opções ligadas à cultura local, à gastronomia e aos principais pontos turísticos.
Como montar um roteiro básico em Canela, Rio Grande do Sul?;Comece pelos principais pontos, como Catedral de Pedra, Parque do Caracol e Mundo a Vapor, e depois inclua experiências de cachoeiras, serra e atrações familiares. Deixe um horário livre para provar chocolate, fondue e culinária serrana e caminhar por áreas centrais ou turísticas.
O que torna Canela, Rio Grande do Sul interessante para turistas?;Canela, Rio Grande do Sul se destaca pela combinação de cachoeiras, serra e atrações familiares, além de atrações como Catedral de Pedra, Parque do Caracol e Mundo a Vapor. A gastronomia local, com chocolate, fondue e culinária serrana, também ajuda a tornar a visita mais completa.
Que experiências culturais posso ter em Canela, Rio Grande do Sul?;Em Canela, Rio Grande do Sul, você pode conhecer mercados, museus, centros históricos e manifestações locais. Visitar Catedral de Pedra, Parque do Caracol e Mundo a Vapor é uma boa forma de começar e complementar o passeio com a gastronomia regional.
O que posso fazer em Bento Gonçalves, Rio Grande do Sul em uma viagem de dois dias?;Em dois dias em Bento Gonçalves, Rio Grande do Sul, uma boa estratégia é combinar Vale dos Vinhedos, Maria Fumaça e vinícolas. Reserve também um período para conhecer vinhedos, imigração italiana e enoturismo e experimentar vinhos, massas, queijos e culinária italiana.
Quais atrações valem a pena conhecer em Bento Gonçalves, Rio Grande do Sul?;Entre os destaques de Bento Gonçalves, Rio Grande do Sul estão Vale dos Vinhedos, Maria Fumaça e vinícolas. O destino também se destaca por vinhedos, imigração italiana e enoturismo.
O que comer durante uma viagem a Bento Gonçalves, Rio Grande do Sul?;Em Bento Gonçalves, Rio Grande do Sul, vale experimentar vinhos, massas, queijos e culinária italiana. Procure restaurantes e mercados locais para conhecer melhor os sabores da região.
Vale a pena visitar Bento Gonçalves, Rio Grande do Sul com a família?;Sim. Bento Gonçalves, Rio Grande do Sul pode oferecer boas experiências em família, especialmente com passeios por Vale dos Vinhedos, Maria Fumaça e vinícolas. Escolha atividades adequadas à idade do grupo e planeje os deslocamentos com antecedência.
Que tipo de turismo é mais comum em Bento Gonçalves, Rio Grande do Sul?;Bento Gonçalves, Rio Grande do Sul combina diferentes experiências, com destaque para vinhedos, imigração italiana e enoturismo. Também há opções ligadas à cultura local, à gastronomia e aos principais pontos turísticos.
Como montar um roteiro básico em Bento Gonçalves, Rio Grande do Sul?;Comece pelos principais pontos, como Vale dos Vinhedos, Maria Fumaça e vinícolas, e depois inclua experiências de vinhedos, imigração italiana e enoturismo. Deixe um horário livre para provar vinhos, massas, queijos e culinária italiana e caminhar por áreas centrais ou turísticas.
O que torna Bento Gonçalves, Rio Grande do Sul interessante para turistas?;Bento Gonçalves, Rio Grande do Sul se destaca pela combinação de vinhedos, imigração italiana e enoturismo, além de atrações como Vale dos Vinhedos, Maria Fumaça e vinícolas. A gastronomia local, com vinhos, massas, queijos e culinária italiana, também ajuda a tornar a visita mais completa.
Que experiências culturais posso ter em Bento Gonçalves, Rio Grande do Sul?;Em Bento Gonçalves, Rio Grande do Sul, você pode conhecer mercados, museus, centros históricos e manifestações locais. Visitar Vale dos Vinhedos, Maria Fumaça e vinícolas é uma boa forma de começar e complementar o passeio com a gastronomia regional.
Como escolher a melhor época para viajar pelo Brasil?;Considere o clima da região, o período de chuvas, a alta temporada e o tipo de atividade que você pretende fazer. Como o Brasil é grande, a melhor época muda bastante entre os destinos.
O que devo pesquisar antes de visitar uma cidade brasileira?;Pesquise clima, hospedagem, transporte, horários das atrações, segurança, eventos locais e distâncias entre os pontos que pretende visitar.
Como economizar em uma viagem pelo Brasil?;Compare passagens e hospedagens, viaje fora da alta temporada quando possível, use transporte público adequado e procure restaurantes frequentados por moradores.
Como organizar um roteiro de viagem sem ficar corrido?;Agrupe atrações próximas, evite colocar muitos deslocamentos no mesmo dia e deixe intervalos livres para alimentação, descanso e mudanças de plano.
O que levar para uma viagem à Amazônia?;Leve roupas leves, calçados confortáveis, capa de chuva, repelente, protetor solar e uma garrafa de água. Para atividades específicas, siga as orientações do guia ou operador local.
O que levar para uma viagem de praia no Brasil?;Leve protetor solar, roupas leves, traje de banho, chinelos, chapéu ou boné, garrafa de água e uma proteção impermeável para documentos e eletrônicos.
Como escolher uma hospedagem para turismo?;Compare localização, avaliações recentes, facilidade de transporte, serviços incluídos e políticas de cancelamento. A melhor opção depende do seu orçamento e do tipo de viagem.
É melhor ficar perto do centro ou das atrações turísticas?;Depende do roteiro. Ficar perto das atrações reduz deslocamentos, enquanto regiões centrais podem facilitar transporte, alimentação e acesso a diferentes áreas da cidade.
Como planejar uma viagem de fim de semana?;Escolha poucas atrações prioritárias, verifique os horários de funcionamento, reserve hospedagem em localização prática e evite deslocamentos longos demais.
Como planejar uma viagem de sete dias pelo Brasil?;Escolha uma região ou poucos destinos próximos, distribua as atrações ao longo dos dias e reserve tempo para deslocamentos, descanso e experiências locais.
Quais cuidados devo ter ao fazer trilhas?;Use calçado adequado, leve água, proteção contra sol e chuva, informe-se sobre a dificuldade do percurso e, em áreas remotas, prefira acompanhamento de guia ou condutor autorizado.
Como me preparar para um passeio de barco?;Verifique as condições do passeio, use colete salva-vidas quando indicado, proteja-se do sol, leve água e mantenha objetos eletrônicos em embalagem impermeável.
Como escolher um passeio de ecoturismo?;Verifique a reputação do operador, o nível de dificuldade, as regras ambientais, os equipamentos incluídos e se a atividade é adequada ao seu condicionamento físico.
O que é turismo de base comunitária?;É uma forma de turismo em que comunidades locais participam diretamente da organização das experiências e da geração de renda, valorizando cultura, território e modos de vida locais.
O que é ecoturismo?;Ecoturismo é uma modalidade de turismo voltada ao contato responsável com áreas naturais, buscando valorizar a conservação ambiental e as comunidades locais.
O que é turismo cultural?;Turismo cultural envolve conhecer história, patrimônio, arte, gastronomia, festas, tradições e modos de vida de uma comunidade ou região.
O que é turismo de aventura?;Turismo de aventura reúne atividades recreativas que envolvem desafio e contato com a natureza, como rafting, rapel, escalada, cicloturismo e trilhas.
Como respeitar comunidades tradicionais durante uma visita?;Siga as orientações da comunidade, peça autorização antes de fotografar pessoas, respeite áreas restritas e valorize produtos e serviços oferecidos pelos moradores.
Como reduzir o impacto ambiental durante uma viagem?;Evite deixar resíduos, economize água, respeite trilhas e áreas protegidas, reduza o uso de plásticos descartáveis e prefira serviços comprometidos com boas práticas ambientais.
Como usar transporte por aplicativo durante uma viagem?;Confira a placa e o motorista antes de embarcar, acompanhe a rota pelo aplicativo, evite compartilhar informações desnecessárias e use locais seguros para embarque e desembarque.
Como usar ônibus interestadual no Brasil?;Pesquise empresas e horários em canais confiáveis, compre a passagem com antecedência em períodos movimentados e confira o terminal correto de embarque.
Quando vale a pena alugar um carro em uma viagem?;O aluguel pode ser útil quando as atrações ficam distantes ou o transporte público é limitado. Considere combustível, estacionamento, pedágios e condições das estradas.
Como escolher entre avião e ônibus em viagens pelo Brasil?;Compare distância, duração total, preço, localização dos terminais ou aeroportos e tempo de deslocamento até sua hospedagem.
Como evitar golpes comuns em áreas turísticas?;Prefira serviços identificados, confirme preços antes de consumir ou contratar algo, evite entregar documentos a desconhecidos e desconfie de ofertas muito abaixo do preço normal.
O que fazer se eu perder um documento durante a viagem?;Procure uma delegacia ou canal oficial para registrar a ocorrência e entre em contato com o órgão responsável pelo documento. Em viagens internacionais, procure também o consulado ou embaixada do seu país.
Como encontrar restaurantes típicos em uma cidade?;Procure mercados, feiras, bairros tradicionais e estabelecimentos bem avaliados por moradores. Perguntar a guias e anfitriões locais também pode render boas indicações.
Como conhecer melhor a culinária regional?;Além de restaurantes, visite mercados, feiras e festivais gastronômicos. Experimente ingredientes locais e converse com produtores e comerciantes quando possível.
Como saber se uma atração precisa de ingresso antecipado?;Consulte o site oficial ou os canais oficiais da atração. Em destinos muito procurados, reservar com antecedência pode evitar filas ou falta de vagas.
Como planejar uma viagem durante feriados?;Reserve transporte e hospedagem com antecedência, espere maior movimento e confirme horários especiais de atrações, restaurantes e serviços.
Como viajar durante a baixa temporada?;A baixa temporada pode oferecer preços menores e atrações menos cheias. Verifique apenas se o clima e os horários de funcionamento são adequados ao tipo de passeio desejado.
O que considerar ao viajar com crianças?;Considere tempo de deslocamento, alimentação, pausas, acessibilidade, segurança e atividades apropriadas para a idade. Um roteiro menos carregado costuma funcionar melhor.
O que considerar ao viajar com idosos?;Priorize acessibilidade, intervalos para descanso, deslocamentos confortáveis e proximidade de serviços de saúde. Verifique também o nível de esforço das atrações.
Como escolher uma praia adequada para crianças?;Prefira praias com águas mais calmas, boa estrutura, acesso fácil e presença de serviços próximos. Sempre verifique as condições do mar no dia da visita.
Como descobrir eventos culturais durante uma viagem?;Consulte agendas oficiais da prefeitura, secretarias de cultura e turismo, centros culturais, teatros e espaços de eventos da cidade.
Vale a pena contratar um guia local?;Pode valer bastante, principalmente em destinos históricos, áreas naturais e lugares com acesso mais complexo. Um guia local pode oferecer contexto, segurança e informações que não aparecem em roteiros básicos.
Qual a vantagem de fazer um walking tour?;Um walking tour permite conhecer áreas centrais ou históricas a pé, observar detalhes da arquitetura e entender melhor a história local com distâncias relativamente curtas.
Como fotografar em áreas naturais sem causar impacto?;Permaneça nas trilhas permitidas, não alimente animais, evite tocar na vegetação e respeite regras específicas de fotografia em unidades de conservação.
Como observar animais silvestres com responsabilidade?;Mantenha distância, não ofereça alimentos, evite barulho excessivo e siga as orientações de guias e das áreas protegidas.
O que é uma unidade de conservação?;É uma área protegida criada para conservar a natureza, podendo ter diferentes regras de uso, visitação e proteção conforme sua categoria.
Posso fazer trilhas sozinho em parques nacionais?;Depende da trilha e das regras do parque. Consulte as orientações oficiais, avalie seu preparo e, em percursos longos ou remotos, considere contratar um condutor.
Como me proteger do sol em passeios ao ar livre?;Use protetor solar, chapéu ou boné, roupas adequadas, hidrate-se com frequência e evite exposição prolongada nos horários de sol mais intenso.
Como lidar com chuva durante uma viagem?;Tenha opções de passeios cobertos, leve capa de chuva ou guarda-chuva e verifique alertas meteorológicos antes de atividades em rios, serras ou trilhas.
Como montar uma mala leve?;Escolha peças que combinem entre si, leve apenas o necessário para o clima e as atividades planejadas e prefira itens versáteis e de secagem rápida.
Como guardar dinheiro e documentos durante a viagem?;Mantenha documentos e cartões em local seguro, evite carregar todo o dinheiro junto e use cofres ou compartimentos protegidos quando disponíveis.
O que fazer antes de sair do hotel para um passeio?;Confira previsão do tempo, horário de funcionamento, ingressos, bateria do celular, rota, documentos necessários e itens como água e protetor solar.
Como escolher um destino de natureza no Brasil?;Considere o tipo de paisagem e atividade que você prefere, como praias, serras, cachoeiras, rios, floresta ou observação de animais, além da época do ano e da facilidade de acesso.
Como escolher um destino histórico no Brasil?;Procure cidades com centros preservados, museus, igrejas, fortalezas e roteiros guiados. Ouro Preto, Olinda, Paraty e São Luís são exemplos conhecidos.
Como escolher um destino para gastronomia?;Pesquise especialidades regionais, mercados, feiras, restaurantes tradicionais e eventos gastronômicos. Grandes cidades e destinos com culinária regional forte oferecem muitas opções.
Como escolher um destino para ecoturismo?;Avalie biodiversidade, trilhas, rios, cachoeiras, regras de visitação e infraestrutura. Bonito, Pantanal, Amazônia e várias chapadas são referências no país.
Como escolher um destino para mergulho?;Considere visibilidade da água, vida marinha, época do ano, nível de experiência exigido e presença de operadoras qualificadas.
Como escolher um destino para surf?;Pesquise tamanho e constância das ondas, época do ano, nível técnico necessário e estrutura local. O litoral brasileiro possui opções para iniciantes e surfistas experientes.
Como escolher um destino para observação de aves?;Procure áreas com grande diversidade de habitats e guias especializados. Pantanal, Amazônia e trechos de Mata Atlântica são muito procurados por observadores.
Como escolher um destino romântico no Brasil?;Considere o estilo do casal: praias, serra, gastronomia, natureza ou cidades históricas. Destinos como Gramado, Fernando de Noronha e Paraty costumam aparecer em roteiros românticos.
Como escolher um destino para uma viagem curta?;Priorize locais com acesso simples, atrações próximas e pouco tempo gasto em deslocamentos. Isso ajuda a aproveitar melhor dois ou três dias.
Como planejar uma viagem pela região Norte do Brasil?;Como as distâncias são grandes e muitos deslocamentos dependem de avião ou barco, escolha poucos destinos por viagem e reserve tempo para experiências de natureza e cultura amazônica.
Como planejar uma viagem pelo Nordeste?;Escolha um trecho do litoral ou uma combinação de capitais e destinos próximos. Considere clima, distâncias rodoviárias e tempo suficiente para praias e atrações culturais.
Como planejar uma viagem pelo Sudeste?;É possível combinar grandes cidades, serras, praias e cidades históricas. Organize o roteiro por proximidade para reduzir tempo de deslocamento.
Como planejar uma viagem pelo Sul do Brasil?;Considere cidades serranas, praias, rotas de vinho e capitais. O clima varia bastante ao longo do ano, então escolha a época conforme o tipo de experiência desejada.
Como planejar uma viagem pelo Centro-Oeste?;A região oferece cerrado, Pantanal, chapadas e cidades como Brasília. Planeje bem os deslocamentos e verifique as condições sazonais para atividades de natureza.
Estou indo para Manaus, Amazonas. O que não posso deixar de conhecer?;Em Manaus, Amazonas, priorize Teatro Amazonas, Mercado Municipal Adolpho Lisboa, MUSA e Encontro das Águas. Se houver tempo, inclua experiências ligadas a Rio Negro, floresta amazônica e cultura ribeirinha e prove tambaqui, pirarucu, tacacá e x-caboquinho.
Quero conhecer Manaus, Amazonas. Por onde começo?;Comece pelos pontos mais conhecidos, como Teatro Amazonas, Mercado Municipal Adolpho Lisboa, MUSA e Encontro das Águas. Depois, explore experiências de Rio Negro, floresta amazônica e cultura ribeirinha e reserve uma refeição para experimentar tambaqui, pirarucu, tacacá e x-caboquinho.
O que fazer em um primeiro dia em Manaus, Amazonas?;No primeiro dia em Manaus, Amazonas, visite atrações centrais como Teatro Amazonas, Mercado Municipal Adolpho Lisboa, MUSA e Encontro das Águas. Complete o roteiro com uma experiência local e experimente tambaqui, pirarucu, tacacá e x-caboquinho.
O que é típico de Manaus, Amazonas para um turista conhecer?;Em Manaus, Amazonas, o visitante encontra Rio Negro, floresta amazônica e cultura ribeirinha, além de atrações como Teatro Amazonas, Mercado Municipal Adolpho Lisboa, MUSA e Encontro das Águas. Na gastronomia, vale conhecer tambaqui, pirarucu, tacacá e x-caboquinho.
Quero um passeio tranquilo em Manaus, Amazonas. O que você sugere?;Em Manaus, Amazonas, escolha atrações de ritmo mais leve entre Teatro Amazonas, Mercado Municipal Adolpho Lisboa, MUSA e Encontro das Águas e reserve tempo para apreciar Rio Negro, floresta amazônica e cultura ribeirinha sem montar um roteiro muito corrido.
Quais experiências de natureza existem em Manaus, Amazonas?;A região de Manaus, Amazonas é conhecida por Rio Negro, floresta amazônica e cultura ribeirinha. Dependendo do destino, há opções como mirantes, trilhas, praias, rios ou passeios guiados.
Estou indo para Presidente Figueiredo, Amazonas. O que não posso deixar de conhecer?;Em Presidente Figueiredo, Amazonas, priorize cachoeiras, cavernas e trilhas em áreas de floresta. Se houver tempo, inclua experiências ligadas a cachoeiras, corredeiras e mata amazônica e prove peixes amazônicos e pratos regionais.
Quero conhecer Presidente Figueiredo, Amazonas. Por onde começo?;Comece pelos pontos mais conhecidos, como cachoeiras, cavernas e trilhas em áreas de floresta. Depois, explore experiências de cachoeiras, corredeiras e mata amazônica e reserve uma refeição para experimentar peixes amazônicos e pratos regionais.
O que fazer em um primeiro dia em Presidente Figueiredo, Amazonas?;No primeiro dia em Presidente Figueiredo, Amazonas, visite atrações centrais como cachoeiras, cavernas e trilhas em áreas de floresta. Complete o roteiro com uma experiência local e experimente peixes amazônicos e pratos regionais.
O que é típico de Presidente Figueiredo, Amazonas para um turista conhecer?;Em Presidente Figueiredo, Amazonas, o visitante encontra cachoeiras, corredeiras e mata amazônica, além de atrações como cachoeiras, cavernas e trilhas em áreas de floresta. Na gastronomia, vale conhecer peixes amazônicos e pratos regionais.
Quero um passeio tranquilo em Presidente Figueiredo, Amazonas. O que você sugere?;Em Presidente Figueiredo, Amazonas, escolha atrações de ritmo mais leve entre cachoeiras, cavernas e trilhas em áreas de floresta e reserve tempo para apreciar cachoeiras, corredeiras e mata amazônica sem montar um roteiro muito corrido.
Quais experiências de natureza existem em Presidente Figueiredo, Amazonas?;A região de Presidente Figueiredo, Amazonas é conhecida por cachoeiras, corredeiras e mata amazônica. Dependendo do destino, há opções como mirantes, trilhas, praias, rios ou passeios guiados.
Estou indo para Parintins, Amazonas. O que não posso deixar de conhecer?;Em Parintins, Amazonas, priorize Bumbódromo, orla e espaços ligados ao Festival de Parintins. Se houver tempo, inclua experiências ligadas a cultura do boi-bumbá e paisagens do rio Amazonas e prove peixes regionais e culinária amazônica.
Quero conhecer Parintins, Amazonas. Por onde começo?;Comece pelos pontos mais conhecidos, como Bumbódromo, orla e espaços ligados ao Festival de Parintins. Depois, explore experiências de cultura do boi-bumbá e paisagens do rio Amazonas e reserve uma refeição para experimentar peixes regionais e culinária amazônica.
O que fazer em um primeiro dia em Parintins, Amazonas?;No primeiro dia em Parintins, Amazonas, visite atrações centrais como Bumbódromo, orla e espaços ligados ao Festival de Parintins. Complete o roteiro com uma experiência local e experimente peixes regionais e culinária amazônica.
O que é típico de Parintins, Amazonas para um turista conhecer?;Em Parintins, Amazonas, o visitante encontra cultura do boi-bumbá e paisagens do rio Amazonas, além de atrações como Bumbódromo, orla e espaços ligados ao Festival de Parintins. Na gastronomia, vale conhecer peixes regionais e culinária amazônica.
Quero um passeio tranquilo em Parintins, Amazonas. O que você sugere?;Em Parintins, Amazonas, escolha atrações de ritmo mais leve entre Bumbódromo, orla e espaços ligados ao Festival de Parintins e reserve tempo para apreciar cultura do boi-bumbá e paisagens do rio Amazonas sem montar um roteiro muito corrido.
Quais experiências de natureza existem em Parintins, Amazonas?;A região de Parintins, Amazonas é conhecida por cultura do boi-bumbá e paisagens do rio Amazonas. Dependendo do destino, há opções como mirantes, trilhas, praias, rios ou passeios guiados.
Estou indo para Novo Airão, Amazonas. O que não posso deixar de conhecer?;Em Novo Airão, Amazonas, priorize Parque Nacional de Anavilhanas e passeios pelo Rio Negro. Se houver tempo, inclua experiências ligadas a arquipélago fluvial, floresta e comunidades ribeirinhas e prove peixes amazônicos e produtos regionais.
Quero conhecer Novo Airão, Amazonas. Por onde começo?;Comece pelos pontos mais conhecidos, como Parque Nacional de Anavilhanas e passeios pelo Rio Negro. Depois, explore experiências de arquipélago fluvial, floresta e comunidades ribeirinhas e reserve uma refeição para experimentar peixes amazônicos e produtos regionais.
O que fazer em um primeiro dia em Novo Airão, Amazonas?;No primeiro dia em Novo Airão, Amazonas, visite atrações centrais como Parque Nacional de Anavilhanas e passeios pelo Rio Negro. Complete o roteiro com uma experiência local e experimente peixes amazônicos e produtos regionais.
O que é típico de Novo Airão, Amazonas para um turista conhecer?;Em Novo Airão, Amazonas, o visitante encontra arquipélago fluvial, floresta e comunidades ribeirinhas, além de atrações como Parque Nacional de Anavilhanas e passeios pelo Rio Negro. Na gastronomia, vale conhecer peixes amazônicos e produtos regionais.
Quero um passeio tranquilo em Novo Airão, Amazonas. O que você sugere?;Em Novo Airão, Amazonas, escolha atrações de ritmo mais leve entre Parque Nacional de Anavilhanas e passeios pelo Rio Negro e reserve tempo para apreciar arquipélago fluvial, floresta e comunidades ribeirinhas sem montar um roteiro muito corrido.
Quais experiências de natureza existem em Novo Airão, Amazonas?;A região de Novo Airão, Amazonas é conhecida por arquipélago fluvial, floresta e comunidades ribeirinhas. Dependendo do destino, há opções como mirantes, trilhas, praias, rios ou passeios guiados.
Estou indo para Belém, Pará. O que não posso deixar de conhecer?;Em Belém, Pará, priorize Mercado Ver-o-Peso, Estação das Docas, Mangal das Garças e Theatro da Paz. Se houver tempo, inclua experiências ligadas a cultura paraense, rios e gastronomia amazônica e prove tacacá, maniçoba, pato no tucupi e açaí.
Quero conhecer Belém, Pará. Por onde começo?;Comece pelos pontos mais conhecidos, como Mercado Ver-o-Peso, Estação das Docas, Mangal das Garças e Theatro da Paz. Depois, explore experiências de cultura paraense, rios e gastronomia amazônica e reserve uma refeição para experimentar tacacá, maniçoba, pato no tucupi e açaí.
O que fazer em um primeiro dia em Belém, Pará?;No primeiro dia em Belém, Pará, visite atrações centrais como Mercado Ver-o-Peso, Estação das Docas, Mangal das Garças e Theatro da Paz. Complete o roteiro com uma experiência local e experimente tacacá, maniçoba, pato no tucupi e açaí.
O que é típico de Belém, Pará para um turista conhecer?;Em Belém, Pará, o visitante encontra cultura paraense, rios e gastronomia amazônica, além de atrações como Mercado Ver-o-Peso, Estação das Docas, Mangal das Garças e Theatro da Paz. Na gastronomia, vale conhecer tacacá, maniçoba, pato no tucupi e açaí.
Quero um passeio tranquilo em Belém, Pará. O que você sugere?;Em Belém, Pará, escolha atrações de ritmo mais leve entre Mercado Ver-o-Peso, Estação das Docas, Mangal das Garças e Theatro da Paz e reserve tempo para apreciar cultura paraense, rios e gastronomia amazônica sem montar um roteiro muito corrido.
Quais experiências de natureza existem em Belém, Pará?;A região de Belém, Pará é conhecida por cultura paraense, rios e gastronomia amazônica. Dependendo do destino, há opções como mirantes, trilhas, praias, rios ou passeios guiados.
Estou indo para Santarém, Pará. O que não posso deixar de conhecer?;Em Santarém, Pará, priorize Alter do Chão, orla e encontros de rios. Se houver tempo, inclua experiências ligadas a praias fluviais, floresta e rios amazônicos e prove peixes amazônicos e pratos paraenses.
Quero conhecer Santarém, Pará. Por onde começo?;Comece pelos pontos mais conhecidos, como Alter do Chão, orla e encontros de rios. Depois, explore experiências de praias fluviais, floresta e rios amazônicos e reserve uma refeição para experimentar peixes amazônicos e pratos paraenses.
O que fazer em um primeiro dia em Santarém, Pará?;No primeiro dia em Santarém, Pará, visite atrações centrais como Alter do Chão, orla e encontros de rios. Complete o roteiro com uma experiência local e experimente peixes amazônicos e pratos paraenses.
O que é típico de Santarém, Pará para um turista conhecer?;Em Santarém, Pará, o visitante encontra praias fluviais, floresta e rios amazônicos, além de atrações como Alter do Chão, orla e encontros de rios. Na gastronomia, vale conhecer peixes amazônicos e pratos paraenses.
Quero um passeio tranquilo em Santarém, Pará. O que você sugere?;Em Santarém, Pará, escolha atrações de ritmo mais leve entre Alter do Chão, orla e encontros de rios e reserve tempo para apreciar praias fluviais, floresta e rios amazônicos sem montar um roteiro muito corrido.
Quais experiências de natureza existem em Santarém, Pará?;A região de Santarém, Pará é conhecida por praias fluviais, floresta e rios amazônicos. Dependendo do destino, há opções como mirantes, trilhas, praias, rios ou passeios guiados.
Estou indo para Alter do Chão, Pará. O que não posso deixar de conhecer?;Em Alter do Chão, Pará, priorize Ilha do Amor, Lago Verde e praias de água doce. Se houver tempo, inclua experiências ligadas a praias fluviais e paisagens do rio Tapajós e prove peixes regionais e culinária paraense.
Quero conhecer Alter do Chão, Pará. Por onde começo?;Comece pelos pontos mais conhecidos, como Ilha do Amor, Lago Verde e praias de água doce. Depois, explore experiências de praias fluviais e paisagens do rio Tapajós e reserve uma refeição para experimentar peixes regionais e culinária paraense.
O que fazer em um primeiro dia em Alter do Chão, Pará?;No primeiro dia em Alter do Chão, Pará, visite atrações centrais como Ilha do Amor, Lago Verde e praias de água doce. Complete o roteiro com uma experiência local e experimente peixes regionais e culinária paraense.
O que é típico de Alter do Chão, Pará para um turista conhecer?;Em Alter do Chão, Pará, o visitante encontra praias fluviais e paisagens do rio Tapajós, além de atrações como Ilha do Amor, Lago Verde e praias de água doce. Na gastronomia, vale conhecer peixes regionais e culinária paraense.
Quero um passeio tranquilo em Alter do Chão, Pará. O que você sugere?;Em Alter do Chão, Pará, escolha atrações de ritmo mais leve entre Ilha do Amor, Lago Verde e praias de água doce e reserve tempo para apreciar praias fluviais e paisagens do rio Tapajós sem montar um roteiro muito corrido.
Quais experiências de natureza existem em Alter do Chão, Pará?;A região de Alter do Chão, Pará é conhecida por praias fluviais e paisagens do rio Tapajós. Dependendo do destino, há opções como mirantes, trilhas, praias, rios ou passeios guiados.
Estou indo para Rio Branco, Acre. O que não posso deixar de conhecer?;Em Rio Branco, Acre, priorize Palácio Rio Branco, Mercado Velho e espaços ligados à história da borracha. Se houver tempo, inclua experiências ligadas a história regional e cultura amazônica e prove baixaria, quibe de arroz e pratos amazônicos.
Quero conhecer Rio Branco, Acre. Por onde começo?;Comece pelos pontos mais conhecidos, como Palácio Rio Branco, Mercado Velho e espaços ligados à história da borracha. Depois, explore experiências de história regional e cultura amazônica e reserve uma refeição para experimentar baixaria, quibe de arroz e pratos amazônicos.
O que fazer em um primeiro dia em Rio Branco, Acre?;No primeiro dia em Rio Branco, Acre, visite atrações centrais como Palácio Rio Branco, Mercado Velho e espaços ligados à história da borracha. Complete o roteiro com uma experiência local e experimente baixaria, quibe de arroz e pratos amazônicos.
O que é típico de Rio Branco, Acre para um turista conhecer?;Em Rio Branco, Acre, o visitante encontra história regional e cultura amazônica, além de atrações como Palácio Rio Branco, Mercado Velho e espaços ligados à história da borracha. Na gastronomia, vale conhecer baixaria, quibe de arroz e pratos amazônicos.
Quero um passeio tranquilo em Rio Branco, Acre. O que você sugere?;Em Rio Branco, Acre, escolha atrações de ritmo mais leve entre Palácio Rio Branco, Mercado Velho e espaços ligados à história da borracha e reserve tempo para apreciar história regional e cultura amazônica sem montar um roteiro muito corrido.
Quais experiências de natureza existem em Rio Branco, Acre?;A região de Rio Branco, Acre é conhecida por história regional e cultura amazônica. Dependendo do destino, há opções como mirantes, trilhas, praias, rios ou passeios guiados.
Estou indo para Boa Vista, Roraima. O que não posso deixar de conhecer?;Em Boa Vista, Roraima, priorize Orla Taumanan, Parque do Rio Branco e centro urbano. Se houver tempo, inclua experiências ligadas a lavrado, rios e cultura roraimense e prove damurida, peixes e pratos regionais.
Quero conhecer Boa Vista, Roraima. Por onde começo?;Comece pelos pontos mais conhecidos, como Orla Taumanan, Parque do Rio Branco e centro urbano. Depois, explore experiências de lavrado, rios e cultura roraimense e reserve uma refeição para experimentar damurida, peixes e pratos regionais.
O que fazer em um primeiro dia em Boa Vista, Roraima?;No primeiro dia em Boa Vista, Roraima, visite atrações centrais como Orla Taumanan, Parque do Rio Branco e centro urbano. Complete o roteiro com uma experiência local e experimente damurida, peixes e pratos regionais.
O que é típico de Boa Vista, Roraima para um turista conhecer?;Em Boa Vista, Roraima, o visitante encontra lavrado, rios e cultura roraimense, além de atrações como Orla Taumanan, Parque do Rio Branco e centro urbano. Na gastronomia, vale conhecer damurida, peixes e pratos regionais.
Quero um passeio tranquilo em Boa Vista, Roraima. O que você sugere?;Em Boa Vista, Roraima, escolha atrações de ritmo mais leve entre Orla Taumanan, Parque do Rio Branco e centro urbano e reserve tempo para apreciar lavrado, rios e cultura roraimense sem montar um roteiro muito corrido.
Quais experiências de natureza existem em Boa Vista, Roraima?;A região de Boa Vista, Roraima é conhecida por lavrado, rios e cultura roraimense. Dependendo do destino, há opções como mirantes, trilhas, praias, rios ou passeios guiados.
Estou indo para Macapá, Amapá. O que não posso deixar de conhecer?;Em Macapá, Amapá, priorize Fortaleza de São José, Marco Zero e orla do Amazonas. Se houver tempo, inclua experiências ligadas a rio Amazonas, cultura amapaense e linha do Equador e prove camarão no bafo, açaí e peixes regionais.
Quero conhecer Macapá, Amapá. Por onde começo?;Comece pelos pontos mais conhecidos, como Fortaleza de São José, Marco Zero e orla do Amazonas. Depois, explore experiências de rio Amazonas, cultura amapaense e linha do Equador e reserve uma refeição para experimentar camarão no bafo, açaí e peixes regionais.
O que fazer em um primeiro dia em Macapá, Amapá?;No primeiro dia em Macapá, Amapá, visite atrações centrais como Fortaleza de São José, Marco Zero e orla do Amazonas. Complete o roteiro com uma experiência local e experimente camarão no bafo, açaí e peixes regionais.
O que é típico de Macapá, Amapá para um turista conhecer?;Em Macapá, Amapá, o visitante encontra rio Amazonas, cultura amapaense e linha do Equador, além de atrações como Fortaleza de São José, Marco Zero e orla do Amazonas. Na gastronomia, vale conhecer camarão no bafo, açaí e peixes regionais.
Quero um passeio tranquilo em Macapá, Amapá. O que você sugere?;Em Macapá, Amapá, escolha atrações de ritmo mais leve entre Fortaleza de São José, Marco Zero e orla do Amazonas e reserve tempo para apreciar rio Amazonas, cultura amapaense e linha do Equador sem montar um roteiro muito corrido.
Quais experiências de natureza existem em Macapá, Amapá?;A região de Macapá, Amapá é conhecida por rio Amazonas, cultura amapaense e linha do Equador. Dependendo do destino, há opções como mirantes, trilhas, praias, rios ou passeios guiados.
Estou indo para Porto Velho, Rondônia. O que não posso deixar de conhecer?;Em Porto Velho, Rondônia, priorize Estrada de Ferro Madeira-Mamoré, mercados e orla do rio Madeira. Se houver tempo, inclua experiências ligadas a rio Madeira e história da ocupação amazônica e prove peixes amazônicos e pratos regionais.
Quero conhecer Porto Velho, Rondônia. Por onde começo?;Comece pelos pontos mais conhecidos, como Estrada de Ferro Madeira-Mamoré, mercados e orla do rio Madeira. Depois, explore experiências de rio Madeira e história da ocupação amazônica e reserve uma refeição para experimentar peixes amazônicos e pratos regionais.
O que fazer em um primeiro dia em Porto Velho, Rondônia?;No primeiro dia em Porto Velho, Rondônia, visite atrações centrais como Estrada de Ferro Madeira-Mamoré, mercados e orla do rio Madeira. Complete o roteiro com uma experiência local e experimente peixes amazônicos e pratos regionais.
O que é típico de Porto Velho, Rondônia para um turista conhecer?;Em Porto Velho, Rondônia, o visitante encontra rio Madeira e história da ocupação amazônica, além de atrações como Estrada de Ferro Madeira-Mamoré, mercados e orla do rio Madeira. Na gastronomia, vale conhecer peixes amazônicos e pratos regionais.
Quero um passeio tranquilo em Porto Velho, Rondônia. O que você sugere?;Em Porto Velho, Rondônia, escolha atrações de ritmo mais leve entre Estrada de Ferro Madeira-Mamoré, mercados e orla do rio Madeira e reserve tempo para apreciar rio Madeira e história da ocupação amazônica sem montar um roteiro muito corrido.
Quais experiências de natureza existem em Porto Velho, Rondônia?;A região de Porto Velho, Rondônia é conhecida por rio Madeira e história da ocupação amazônica. Dependendo do destino, há opções como mirantes, trilhas, praias, rios ou passeios guiados.
Estou indo para Salvador, Bahia. O que não posso deixar de conhecer?;Em Salvador, Bahia, priorize Pelourinho, Elevador Lacerda, Farol da Barra e Mercado Modelo. Se houver tempo, inclua experiências ligadas a história afro-brasileira, música e litoral e prove acarajé, moqueca, vatapá e abará.
Quero conhecer Salvador, Bahia. Por onde começo?;Comece pelos pontos mais conhecidos, como Pelourinho, Elevador Lacerda, Farol da Barra e Mercado Modelo. Depois, explore experiências de história afro-brasileira, música e litoral e reserve uma refeição para experimentar acarajé, moqueca, vatapá e abará.
O que fazer em um primeiro dia em Salvador, Bahia?;No primeiro dia em Salvador, Bahia, visite atrações centrais como Pelourinho, Elevador Lacerda, Farol da Barra e Mercado Modelo. Complete o roteiro com uma experiência local e experimente acarajé, moqueca, vatapá e abará.
O que é típico de Salvador, Bahia para um turista conhecer?;Em Salvador, Bahia, o visitante encontra história afro-brasileira, música e litoral, além de atrações como Pelourinho, Elevador Lacerda, Farol da Barra e Mercado Modelo. Na gastronomia, vale conhecer acarajé, moqueca, vatapá e abará.
